{
    "wxid_h62bfss74k4k22": {
        "wxid": "wxid_h62bfss74k4k22",
        "nickname": "孟浩洋",
        "remark": "",
        "account": "meng770816116",
        "describe": "",
        "headImgUrl": "https://wx.qlogo.cn/mmhead/ver_1/Vx6qvzOcZt9lycNQUJzplzP2aCViaicdEVco8hmpicHrqEriaCTXyicRwHheE614uozib4DogCibuJbiawTEUv1O1wrVkfxgd8HTzcqX7gwUY6x5o8c/0",
        "ExtraBuf": {
            "性别[1男2女]": 0,
            "个性签名": "",
            "国": "",
            "省": "",
            "市": "",
            "公司名称": "",
            "手机号": "",
            "企微属性": "",
            "朋友圈背景": "http://shmmsns.qpic.cn/mmsns/IicnicpURmR5USYbibvHVTuRmbsOqVribo6N0ScO9gibhGKzjlBO1g6bfKVAx0PKsNMI1sM2EiczEWGjQ/0",
            "备注图片": "",
            "备注图片2": "",
            "0": 1,
            "1": 0,
            "2": "",
            "3": 0,
            "4": "",
            "5": 1,
            "6": 17,
            "7": "",
            "8": "",
            "9": 4294967295,
            "10": 3,
            "11": 0,
            "12": 1,
            "13": 1,
            "14": 0,
            "15": 0,
            "16": "",
            "17": 1,
            "18": 128,
            "19": "0x1533f6a1714f25c8",
            "20": "",
            "21": "",
            "22": "",
            "23": "",
            "24": "",
            "25": "\n"
        },
        "LabelIDList": [],
        "extra": null
    },
    "wxid_q454azbavsa321": {
        "wxid": "wxid_q454azbavsa321",
        "nickname": "张宏哲",
        "remark": "",
        "account": "",
        "describe": "",
        "headImgUrl": "https://wx.qlogo.cn/mmhead/ver_1/qEuheTfnteKqtfcTF4doUQrI3ibWUr4GK2hNq3EBKXXVe7oictfWoVuUamllr8a7xpZmG6e8LTWR2EGLestt4nCB5pMs9ia4sCVGSAwxBpMGNy2LoiaozU4zVfnpWAyvw4Cib/0",
        "ExtraBuf": {
            "性别[1男2女]": 1,
            "个性签名": "",
            "国": "",
            "省": "",
            "市": "",
            "公司名称": "",
            "手机号": "",
            "企微属性": "",
            "朋友圈背景": "",
            "备注图片": "",
            "备注图片2": "",
            "0": 0,
            "1": 0,
            "2": "",
            "3": 0,
            "4": "",
            "5": 1,
            "6": 0,
            "7": "",
            "8": "",
            "9": 0,
            "10": 0,
            "11": 0,
            "12": 1,
            "13": 0,
            "14": 0,
            "15": 0,
            "16": "",
            "17": 0,
            "18": 0,
            "19": "0x0000000000000000",
            "20": "",
            "21": "",
            "22": "",
            "23": "",
            "24": "",
            "25": "\n"
        },
        "LabelIDList": [],
        "extra": null
    }
}