{
    "wxid_jwyw4zgffugf22": {
        "wxid": "wxid_jwyw4zgffugf22",
        "nickname": "Ink.",
        "remark": "顾思然",
        "account": "GUSR010511",
        "describe": "",
        "headImgUrl": "https://wx.qlogo.cn/mmhead/ver_1/PlZ6smSPfa4jHxEHSnXcvcnTmdNHCibRLJluw1XM9icQqsjdusAaJImqH1rt8z0MD2u6TFtg6jAIibibx2SnmWkLXCW0g2uQnkTLBibPDT9DiaJOw/0",
        "ExtraBuf": {
            "性别[1男2女]": 2,
            "个性签名": "",
            "国": "CN",
            "省": "Jiangsu",
            "市": "Wuxi",
            "公司名称": "",
            "手机号": "",
            "企微属性": "",
            "朋友圈背景": "http://shmmsns.qpic.cn/mmsns/PiaMXtlOeHia7P7zNjIiaybqgKlRxFHykT1WmUNQktiadTibInLQJ4iaib9rPDsBSkkZxJ2SS1jl5gWEc4/0",
            "备注图片": "",
            "备注图片2": "",
            "0": 1,
            "1": 0,
            "2": "",
            "3": 0,
            "4": "",
            "5": 1,
            "6": 17,
            "7": "",
            "8": "",
            "9": 4294967295,
            "10": 3,
            "11": 0,
            "12": 1,
            "13": 6,
            "14": 0,
            "15": 0,
            "16": "",
            "17": 1,
            "18": 7297,
            "19": "0x44124302d6bb5dc6",
            "20": "",
            "21": "",
            "22": "",
            "23": "",
            "24": "",
            "25": "\n"
        },
        "LabelIDList": [],
        "extra": null
    },
    "wxid_q454azbavsa321": {
        "wxid": "wxid_q454azbavsa321",
        "nickname": "张宏哲",
        "remark": "",
        "account": "",
        "describe": "",
        "headImgUrl": "https://wx.qlogo.cn/mmhead/ver_1/qEuheTfnteKqtfcTF4doUQrI3ibWUr4GK2hNq3EBKXXVe7oictfWoVuUamllr8a7xpZmG6e8LTWR2EGLestt4nCB5pMs9ia4sCVGSAwxBpMGNy2LoiaozU4zVfnpWAyvw4Cib/0",
        "ExtraBuf": {
            "性别[1男2女]": 1,
            "个性签名": "",
            "国": "",
            "省": "",
            "市": "",
            "公司名称": "",
            "手机号": "",
            "企微属性": "",
            "朋友圈背景": "",
            "备注图片": "",
            "备注图片2": "",
            "0": 0,
            "1": 0,
            "2": "",
            "3": 0,
            "4": "",
            "5": 1,
            "6": 0,
            "7": "",
            "8": "",
            "9": 0,
            "10": 0,
            "11": 0,
            "12": 1,
            "13": 0,
            "14": 0,
            "15": 0,
            "16": "",
            "17": 0,
            "18": 0,
            "19": "0x0000000000000000",
            "20": "",
            "21": "",
            "22": "",
            "23": "",
            "24": "",
            "25": "\n"
        },
        "LabelIDList": [],
        "extra": null
    }
}