id,MsgSvrID,type_name,is_sender,talker,room_name,msg,src,CreateTime
1,7274319851230583696,系统通知,0,wxid_h62bfss74k4k22,wxid_h62bfss74k4k22,You have added 孟浩洋 as your Weixin contact. Start chatting!,,2024-08-11 11:50:58
2,5254143877115403418,文本,0,wxid_h62bfss74k4k22,wxid_h62bfss74k4k22,有个问题，这个推送的研究生志愿者报名开始了吗,,2024-08-11 11:51:13
3,5048471815957000074,文本,1,wxid_q454azbavsa321,wxid_h62bfss74k4k22,开始了公众号里的文章，扫描就能进群,,2024-08-11 11:51:45
4,5143601936693318034,语音,0,wxid_h62bfss74k4k22,wxid_h62bfss74k4k22,"语音时长：21.32秒
翻译结果：因为研究生这边的招新已经开始了，然后你在删之前，你确保一下本研的，就是本研的那个推送，和这研究生单独推送的报名的应用是一致的，别到时候出现那种就是。新的一些报名进来的，这个人数超了，然后原来的不算，这肯定会出舆情，你注意。",wxid_h62bfss74k4k22\2024-08-11_11-52-33_0_5143601936693318034.wav,2024-08-11 11:52:33
5,7906765374540600548,文本,1,wxid_q454azbavsa321,wxid_h62bfss74k4k22,嗯嗯好的好的,,2024-08-11 11:53:13
6,180741935481941007,文本,0,wxid_h62bfss74k4k22,wxid_h62bfss74k4k22,千万别出现新推送重置岗位名额了然后旧推送报名无效这种情况，肯定会出舆情,,2024-08-11 11:54:17
7,5842123092965497501,文本,1,wxid_q454azbavsa321,wxid_h62bfss74k4k22,嗯嗯好,,2024-08-11 11:56:17
8,5041055877651343825,文本,1,wxid_q454azbavsa321,wxid_h62bfss74k4k22,那老师我们在群里说一声让大家扫一下新的那个码然后加入进来吧,,2024-08-11 11:58:23
9,4561657231092608194,文本,1,wxid_q454azbavsa321,wxid_h62bfss74k4k22,抱歉实在是我的原因,,2024-08-11 11:58:32
10,2238340093624399415,文本,1,wxid_q454azbavsa321,wxid_h62bfss74k4k22,抱歉抱歉,,2024-08-11 11:58:37
11,8077316367536332677,文本,0,wxid_h62bfss74k4k22,wxid_h62bfss74k4k22,哦两个群是分开的是吧,,2024-08-11 11:58:42
12,990968157192861922,文本,1,wxid_q454azbavsa321,wxid_h62bfss74k4k22,是的,,2024-08-11 11:58:48
13,8857163992311484708,文本,0,wxid_h62bfss74k4k22,wxid_h62bfss74k4k22,干脆把新推送的二维码换成这个得了,,2024-08-11 11:59:22
14,1255669039403431146,文本,0,wxid_h62bfss74k4k22,wxid_h62bfss74k4k22,新推送还能改不,,2024-08-11 11:59:38
15,629203958377168703,文本,1,wxid_q454azbavsa321,wxid_h62bfss74k4k22,不不不二维码是一样的,,2024-08-11 11:59:40
16,2294495754271045803,文本,1,wxid_q454azbavsa321,wxid_h62bfss74k4k22,都往一个群里面加的,,2024-08-11 11:59:47
17,508729400473288300,文本,0,wxid_h62bfss74k4k22,wxid_h62bfss74k4k22,哦报名链接不是一个吗,,2024-08-11 12:00:06
18,2905399704647230931,文本,0,wxid_h62bfss74k4k22,wxid_h62bfss74k4k22,那把新的推送的报名二维码换成旧推送的就好了,,2024-08-11 12:00:51
19,344695346283566172,文本,1,wxid_q454azbavsa321,wxid_h62bfss74k4k22,报名链接应该也是一个是一个的,,2024-08-11 12:00:55
20,4680433406958385418,文本,1,wxid_q454azbavsa321,wxid_h62bfss74k4k22,哦哦哦,,2024-08-11 12:00:58
21,4579473561386819451,文本,1,wxid_q454azbavsa321,wxid_h62bfss74k4k22,那没事重新发个推送就行了,,2024-08-11 12:01:07
22,1346033510702000867,文本,0,wxid_h62bfss74k4k22,wxid_h62bfss74k4k22,那就没关系了吧,,2024-08-11 12:01:07
23,6742536361752536846,文本,1,wxid_q454azbavsa321,wxid_h62bfss74k4k22,对,,2024-08-11 12:01:10
24,7955820720010850187,文本,1,wxid_q454azbavsa321,wxid_h62bfss74k4k22,他们没有重新做一个报名链接,,2024-08-11 12:01:19
25,1415925498256909565,文本,0,wxid_h62bfss74k4k22,wxid_h62bfss74k4k22,嗯嗯,,2024-08-11 12:01:19
26,2918627630377493220,动画表情,1,wxid_q454azbavsa321,wxid_h62bfss74k4k22,"<msg><emoji fromusername = ""wxid_q454azbavsa321"" tousername = ""wxid_h62bfss74k4k22"" type=""2"" androidmd5=""F881611309CC0A1AA13C30BF6999BA3B"" androidlen=""57065"" productid=""com.tencent.xin.emoticon.person.stiker_16847290953fd7818eb9131e55""></emoji></msg>",,2024-08-11 12:01:25
27,7156243650624868561,文本,1,wxid_q454azbavsa321,wxid_h62bfss74k4k22,删掉了删掉了,,2024-08-11 12:04:45
28,423685792382769419,文本,0,wxid_h62bfss74k4k22,wxid_h62bfss74k4k22,okk,,2024-08-11 12:04:53
29,7812394963388121342,文本,1,wxid_q454azbavsa321,wxid_h62bfss74k4k22,抱歉实在是抱歉耽误事了,,2024-08-11 12:04:58
30,811983501808017526,动画表情,1,wxid_q454azbavsa321,wxid_h62bfss74k4k22,"<msg><emoji fromusername = ""wxid_q454azbavsa321"" tousername = ""wxid_h62bfss74k4k22"" type=""2"" androidmd5=""3ECF17D6440BC950D6D805F9C4F8D572"" androidlen=""23387"" productid=""com.tencent.xin.emoticon.person.stiker_1696837776a0cb1ba9e01efd1d""></emoji></msg>",,2024-08-11 12:05:04
31,232284240188351858,文本,0,wxid_h62bfss74k4k22,wxid_h62bfss74k4k22,没事，先解决问题再说,,2024-08-11 12:05:29
32,1554361461407929995,文本,1,wxid_q454azbavsa321,wxid_h62bfss74k4k22,他这公众号一天只能发一篇，剩下的要发要等明天,,2024-08-11 12:11:47
33,495202906687276068,系统通知,1,wxid_q454azbavsa321,wxid_h62bfss74k4k22,<revokemsg>You recalled a message</revokemsg>,,2024-08-11 12:12:03
34,6373407032602951969,文本,0,wxid_h62bfss74k4k22,wxid_h62bfss74k4k22,删除了也算一篇是吧,,2024-08-11 12:13:15
35,2583177302016822896,文本,1,wxid_q454azbavsa321,wxid_h62bfss74k4k22,嗯,,2024-08-11 12:13:19
36,8235848214682656265,文本,0,wxid_h62bfss74k4k22,wxid_h62bfss74k4k22,成,,2024-08-11 12:13:35
37,5252331504850665607,文本,1,wxid_q454azbavsa321,wxid_h62bfss74k4k22,"
明天和他们说一声再发一篇文章吧",,2024-08-11 12:14:19
38,7815548550789535215,文本,1,wxid_q454azbavsa321,wxid_h62bfss74k4k22,老师要发的那篇文章可以转给我嘛,,2024-08-12 07:54:35
39,4496583939094427063,文本,1,wxid_q454azbavsa321,wxid_h62bfss74k4k22,我发给他让他发在公众号里,,2024-08-12 07:54:47
40,5191441710960306133,文本,0,wxid_h62bfss74k4k22,wxid_h62bfss74k4k22,那篇文章应该还在耕源手里,,2024-08-12 09:38:21
41,449084317132706490,文本,0,wxid_h62bfss74k4k22,wxid_h62bfss74k4k22,她给我看的时候都是给的长图,,2024-08-12 09:38:35
42,5211669259415423882,动画表情,1,wxid_q454azbavsa321,wxid_h62bfss74k4k22,"<msg><emoji fromusername = ""wxid_q454azbavsa321"" tousername = ""wxid_h62bfss74k4k22"" type=""2"" androidmd5=""818925BE33D010A9FBE1C301B3BB9678"" androidlen=""91547"" productid=""com.tencent.xin.emoticon.person.stiker_1470932745212b0e97ef39f298""></emoji></msg>",,2024-08-12 09:39:07
43,9217909127662635677,文本,0,wxid_h62bfss74k4k22,wxid_h62bfss74k4k22,宏哲，公众号标题可以改吗,,2024-08-12 10:56:50
44,12656411494233673,文本,0,wxid_h62bfss74k4k22,wxid_h62bfss74k4k22,双引号反了,,2024-08-12 10:56:55
45,8787194919081803813,文本,1,wxid_q454azbavsa321,wxid_h62bfss74k4k22,斯，我和拿着公众号的人去说,,2024-08-12 11:01:31
46,7078879833128567988,文本,1,wxid_q454azbavsa321,wxid_h62bfss74k4k22,对了别的院的人不能参加咱们院的迎新吧,,2024-08-12 11:02:08
47,9181953987746511492,文本,1,wxid_q454azbavsa321,wxid_h62bfss74k4k22,？,,2024-08-12 11:02:09
48,7830831997956624642,文本,0,wxid_h62bfss74k4k22,wxid_h62bfss74k4k22,你问一下往年是怎么处理的吧,,2024-08-12 11:02:50
49,7949126389111651859,文本,1,wxid_q454azbavsa321,wxid_h62bfss74k4k22,往年可以,,2024-08-12 11:03:35
50,2813511274230661608,文本,0,wxid_h62bfss74k4k22,wxid_h62bfss74k4k22,那就不限制,,2024-08-12 11:03:44
51,874401567721788971,文本,1,wxid_q454azbavsa321,wxid_h62bfss74k4k22,我在群里发个公告，加入星火志协的同学才能录入志愿时长,,2024-08-12 11:07:20
52,2336882187316264443,文本,0,wxid_h62bfss74k4k22,wxid_h62bfss74k4k22,嗯嗯，把加入星火的那个流程推送也转发进去,,2024-08-12 11:08:01
53,3769892275729887858,引用回复,0,wxid_h62bfss74k4k22,wxid_h62bfss74k4k22,"这个有回复了吗

[引用](2024-08-12 11:01:31)张宏哲:斯，我和拿着公众号的人去说",,2024-08-12 11:13:42
54,7805787402570753649,系统通知,1,wxid_q454azbavsa321,wxid_h62bfss74k4k22,<revokemsg>你撤回了一条消息</revokemsg>,,2024-08-12 11:16:23
55,2039665561025365765,文本,1,wxid_q454azbavsa321,wxid_h62bfss74k4k22,电脑上是正确的他看的,,2024-08-12 11:16:52
56,3306259016874373358,图片,0,wxid_h62bfss74k4k22,wxid_h62bfss74k4k22,图片,FileStorage\MsgAttach\431b0d1c5a9235f2de1c5aa7431d28c4\Image\2024-08\870cedbb78265b8f6a517073237944d0.dat,2024-08-12 11:17:02
57,412792416200421728,文本,0,wxid_h62bfss74k4k22,wxid_h62bfss74k4k22,也是不正确的,,2024-08-12 11:17:09
58,629571305911499798,文本,0,wxid_h62bfss74k4k22,wxid_h62bfss74k4k22,只是这个字体看起来比较不明显,,2024-08-12 11:17:17
59,7089740222594550944,图片,0,wxid_h62bfss74k4k22,wxid_h62bfss74k4k22,图片,FileStorage\MsgAttach\431b0d1c5a9235f2de1c5aa7431d28c4\Image\2024-08\272000a4866777a4442c2ea34cd878ea.dat,2024-08-12 11:17:26
60,3047436527207501008,文本,0,wxid_h62bfss74k4k22,wxid_h62bfss74k4k22,手机上就非常明显,,2024-08-12 11:17:31
61,8525218347363334803,文本,1,wxid_q454azbavsa321,wxid_h62bfss74k4k22,啊确实，理论上是能改的,,2024-08-12 11:17:54
62,8588076568396794074,文本,0,wxid_h62bfss74k4k22,wxid_h62bfss74k4k22,试一下,,2024-08-12 11:18:21
63,6350811599861583299,文本,0,wxid_h62bfss74k4k22,wxid_h62bfss74k4k22,说是只能改,,2024-08-12 11:18:29
64,3177019780571914888,文本,1,wxid_q454azbavsa321,wxid_h62bfss74k4k22,（拿着公众号的人没有回复我，做公众号的人用电脑看的）,,2024-08-12 11:18:30
65,2786325011345324854,文本,0,wxid_h62bfss74k4k22,wxid_h62bfss74k4k22,三个字,,2024-08-12 11:18:31
66,5455006644596175763,文本,1,wxid_q454azbavsa321,wxid_h62bfss74k4k22,实在不行的话那就是故意的,,2024-08-12 11:18:52
67,5583318063214655369,文本,1,wxid_q454azbavsa321,wxid_h62bfss74k4k22,故意而为之有承上启下的意味,,2024-08-12 11:19:11
68,8735167489892069014,动画表情,1,wxid_q454azbavsa321,wxid_h62bfss74k4k22,表情,FileStorage\CustomEmotion\C7\C7AE1EB5E2BF21C140996B48C6C963A1,2024-08-12 11:19:14
69,1248914261150313924,文本,0,wxid_h62bfss74k4k22,wxid_h62bfss74k4k22,？,,2024-08-12 11:19:15
70,5846390485502575396,动画表情,0,wxid_h62bfss74k4k22,wxid_h62bfss74k4k22,表情,http://wxapp.tc.qq.com/262/20304/stodownload?m=12b2719445230f71c727594b7f4f2f90&filekey=30350201010421301f020201060402535a041012b2719445230f71c727594b7f4f2f9002031189b9040d00000004627466730000000132&hy=SZ&storeid=26596b04b000dc961315656ed0000010600004f50535a0286bae1e7cc4473c&bizid=1023,2024-08-12 11:19:29
71,6815695021584801956,动画表情,1,wxid_q454azbavsa321,wxid_h62bfss74k4k22,表情,http://wxapp.tc.qq.com/275/20304/stodownload?m=d9e48cbdbf3f2b7135ecc4257a26efa9&filekey=30350201010421301f02020113040253480410d9e48cbdbf3f2b7135ecc4257a26efa90203008b74040d00000004627466730000000132&hy=SH&storeid=265210ed90006b797b465cc490000011300004f50534822e86bc1e7e5e4849&bizid=1023,2024-08-12 11:19:40
72,7851275398841906351,文本,0,wxid_h62bfss74k4k22,wxid_h62bfss74k4k22,所以说以后审核就生成分享链接，不要直接发长图……,,2024-08-12 11:20:48
73,2406863718558704290,文本,0,wxid_h62bfss74k4k22,wxid_h62bfss74k4k22,长图看不见标题,,2024-08-12 11:20:52
74,1346376424075216223,文本,1,wxid_q454azbavsa321,wxid_h62bfss74k4k22,好的学到了学到了,,2024-08-12 11:21:06
75,578407014417081088,文件,1,wxid_q454azbavsa321,wxid_h62bfss74k4k22,文件,FileStorage\File\2024-08\研究生迎新志愿者招募_20240812112057(1).xlsx,2024-08-12 11:28:34
76,7275380389963816156,文本,0,wxid_h62bfss74k4k22,wxid_h62bfss74k4k22,ok，研究生负责老师是郭宗翰，他应该QQ找过你,,2024-08-12 11:32:06
77,4498009282042378928,文本,0,wxid_h62bfss74k4k22,wxid_h62bfss74k4k22,以及标题那个别改了，就这样吧，改完可能还会重新发布,,2024-08-12 11:32:23
78,7313371297595534581,文本,1,wxid_q454azbavsa321,wxid_h62bfss74k4k22,嗯嗯,,2024-08-12 11:33:08
79,7791176027203947284,文本,1,wxid_q454azbavsa321,wxid_h62bfss74k4k22,诶，老师你是本科生的辅导员是吧,,2024-08-12 11:48:01
80,4650557647652311578,文本,0,wxid_h62bfss74k4k22,wxid_h62bfss74k4k22,是的,,2024-08-12 11:48:24
81,3224782435898529754,图片,1,wxid_q454azbavsa321,wxid_h62bfss74k4k22,图片,FileStorage\MsgAttach\431b0d1c5a9235f2de1c5aa7431d28c4\Image\2024-08\18ea2f7a583904e43992f40be175f02d.dat,2024-08-12 11:48:25
82,4550677361801862171,文本,1,wxid_q454azbavsa321,wxid_h62bfss74k4k22,群里有人这么问,,2024-08-12 11:48:30
83,8160475232939172429,文本,1,wxid_q454azbavsa321,wxid_h62bfss74k4k22,应该是可以的吧,,2024-08-12 11:48:33
84,8774945346283529795,文本,0,wxid_h62bfss74k4k22,wxid_h62bfss74k4k22,可以但不建议，中间要换班，上午要等到下午的来换完班才能走,,2024-08-12 11:49:36
85,2435833226239753870,文本,0,wxid_h62bfss74k4k22,wxid_h62bfss74k4k22,中午还得吃饭,,2024-08-12 11:49:39
86,7161514845940389536,文本,1,wxid_q454azbavsa321,wxid_h62bfss74k4k22,好的好的,,2024-08-12 11:49:41
87,6672417207032079106,文本,0,wxid_h62bfss74k4k22,wxid_h62bfss74k4k22,中间总得留吃饭时间,,2024-08-12 11:49:53
88,2343349231876943053,文本,0,wxid_h62bfss74k4k22,wxid_h62bfss74k4k22,宏哲，本科报名的名单现在有吗,,2024-08-15 16:44:54
89,5647152889264620398,文本,0,wxid_h62bfss74k4k22,wxid_h62bfss74k4k22,我看看一共报了多少人，我按着数量做一下志愿者的衣服,,2024-08-15 16:45:14
90,8136798217460702310,文本,1,wxid_q454azbavsa321,wxid_h62bfss74k4k22,我找他要吧,,2024-08-15 16:52:19
91,8014294653324682669,文本,1,wxid_q454azbavsa321,wxid_h62bfss74k4k22,我们老师还给了我一份,,2024-08-15 16:52:30
92,2882193543502748903,文本,1,wxid_q454azbavsa321,wxid_h62bfss74k4k22,"组织部 田昊坤 王弘扬
办公室 李东临 马怡宁 杨祖俨 杨柯逸
文艺部 张贺
体育部 李昀哲
宣传部 朱宸谊 张珂铭
综影 崔名梓 崔勇亮 任浩
蓝图 席梓杰，李嘉欣，李杰，
夏童川，罗俊文，李卓远，
曹伊凡，邓超
贾钦清，尼晓彤（可能去不了）",,2024-08-15 16:52:37
93,1439085801173838680,文本,1,wxid_q454azbavsa321,wxid_h62bfss74k4k22,这些人名可能他们有的报名了,,2024-08-15 16:53:01
94,1220378140274448827,文本,1,wxid_q454azbavsa321,wxid_h62bfss74k4k22,有的没报名,,2024-08-15 16:53:04
95,6958053355484513249,文本,1,wxid_q454azbavsa321,wxid_h62bfss74k4k22,我还得找一下,,2024-08-15 16:53:18
96,1560807293156155055,文本,0,wxid_h62bfss74k4k22,wxid_h62bfss74k4k22,okok,,2024-08-15 16:53:22
97,5990604347554728384,文本,1,wxid_q454azbavsa321,wxid_h62bfss74k4k22,现在有101个报名的,,2024-08-15 18:17:12
98,5280099462919194433,图片,1,wxid_q454azbavsa321,wxid_h62bfss74k4k22,图片,FileStorage\MsgAttach\431b0d1c5a9235f2de1c5aa7431d28c4\Image\2024-08\3149ce76c434ae364987c96f6c88cd25.dat,2024-08-15 18:17:21
99,2173670265374069673,文本,1,wxid_q454azbavsa321,wxid_h62bfss74k4k22,（包括图里面已经报名的，报多个岗位的算一个人）,,2024-08-15 18:18:37
100,6085857144840251159,文本,0,wxid_h62bfss74k4k22,wxid_h62bfss74k4k22,get,,2024-08-15 18:18:53
101,3635427973551839157,文本,0,wxid_h62bfss74k4k22,wxid_h62bfss74k4k22,大二有个同学叫黄梓桐，曹洋老师的大班委，你要不把他安排到报到处上午的负责人吧，我提前跟他沟通报道的事宜,,2024-08-17 20:15:09
102,1129989271220903914,文本,1,wxid_q454azbavsa321,wxid_h62bfss74k4k22,嗯嗯好的,,2024-08-17 20:15:53
103,6286037473906050045,文本,1,wxid_q454azbavsa321,wxid_h62bfss74k4k22,咱们新生的宿舍是那几栋呀,,2024-08-18 15:45:44
104,8323349438014366878,文本,1,wxid_q454azbavsa321,wxid_h62bfss74k4k22,以及说这个小推车之类的这个是有几辆咧？,,2024-08-18 15:46:01
105,6174627485310676816,文本,0,wxid_h62bfss74k4k22,wxid_h62bfss74k4k22,男生是S2，女生是S5,,2024-08-18 15:46:10
106,7815371529116920085,文本,0,wxid_h62bfss74k4k22,wxid_h62bfss74k4k22,小推车我们定了21辆，加上办公室原有的一共22辆,,2024-08-18 15:46:23
107,6134606152197486600,文本,1,wxid_q454azbavsa321,wxid_h62bfss74k4k22,好的好的那够了,,2024-08-18 15:46:36
108,6003029995142264385,系统通知,1,wxid_q454azbavsa321,wxid_h62bfss74k4k22,<revokemsg>你撤回了一条消息</revokemsg>,,2024-08-18 16:04:42
109,7250022938647852363,文本,1,wxid_q454azbavsa321,wxid_h62bfss74k4k22,还有两个问题到时候S5的女生宿舍的话，让男生搬行李也是可以的吧？以及说在报到处充电器他们自备，电源学校会准备吧？,,2024-08-18 16:05:48
110,3971238839414163917,文本,0,wxid_h62bfss74k4k22,wxid_h62bfss74k4k22,一般来说当天是可以上楼的，会跟宿管说；报到处往年会拉电源，学校统一安排,,2024-08-18 16:06:49
111,6910654680169980828,文本,1,wxid_q454azbavsa321,wxid_h62bfss74k4k22,好的,,2024-08-18 16:07:03
112,544547485689241589,文本,1,wxid_q454azbavsa321,wxid_h62bfss74k4k22,我把排班表发到群里？让大家看看有需要的话找我调整？,,2024-08-19 11:08:44
113,3881258666077060580,文本,0,wxid_h62bfss74k4k22,wxid_h62bfss74k4k22,我确认一下，岗位负责人是管整天的吗,,2024-08-19 11:10:48
114,1665162239131184412,文本,1,wxid_q454azbavsa321,wxid_h62bfss74k4k22,我尽量安排的，在23号报名一整天的团委，其次是报名一整天的同学,,2024-08-19 11:12:12
115,2283455253469079406,文本,1,wxid_q454azbavsa321,wxid_h62bfss74k4k22,报名一整天对的同学，我全都让他上下午作同一件事情了,,2024-08-19 11:12:58
116,5911682980333181183,图片,0,wxid_h62bfss74k4k22,wxid_h62bfss74k4k22,图片,FileStorage\MsgAttach\431b0d1c5a9235f2de1c5aa7431d28c4\Image\2024-08\01df570a7e9ffb11b16e33501c738945.dat,2024-08-19 11:16:16
117,2547137671120623459,文本,0,wxid_h62bfss74k4k22,wxid_h62bfss74k4k22,报到处这里这个手机号是不是填错了,,2024-08-19 11:16:24
118,5490949892897623045,文本,0,wxid_h62bfss74k4k22,wxid_h62bfss74k4k22,你再确认一下,,2024-08-19 11:16:41
119,3365497914011332995,文本,1,wxid_q454azbavsa321,wxid_h62bfss74k4k22,那个人呀,,2024-08-19 11:26:49
120,2603498504916387054,图片,1,wxid_q454azbavsa321,wxid_h62bfss74k4k22,图片,FileStorage\MsgAttach\431b0d1c5a9235f2de1c5aa7431d28c4\Image\2024-08\f60e93515682d1a41af5c6829e6b48e5.dat,2024-08-19 11:26:49
121,7217824602831840550,文本,1,wxid_q454azbavsa321,wxid_h62bfss74k4k22,收集数据的时候他填的就是手机号,,2024-08-19 11:27:00
122,3284002659144798176,动画表情,1,wxid_q454azbavsa321,wxid_h62bfss74k4k22,表情,FileStorage\CustomEmotion\C7\C7AE1EB5E2BF21C140996B48C6C963A1,2024-08-19 11:27:06
123,2299781726533785547,文本,0,wxid_h62bfss74k4k22,wxid_h62bfss74k4k22,？,,2024-08-19 11:29:48
124,6652308455513156656,动画表情,0,wxid_h62bfss74k4k22,wxid_h62bfss74k4k22,表情,http://wxapp.tc.qq.com/262/20304/stodownload?m=12b2719445230f71c727594b7f4f2f90&filekey=30350201010421301f020201060402535a041012b2719445230f71c727594b7f4f2f9002031189b9040d00000004627466730000000132&hy=SZ&storeid=26596b04b000dc961315656ed0000010600004f50535a0286bae1e7cc4473c&bizid=1023,2024-08-19 11:29:50
125,4981734877205723817,文本,1,wxid_q454azbavsa321,wxid_h62bfss74k4k22,要不然先不排他然后看看有没有人来找我？,,2024-08-19 11:30:16
126,5773637704340339404,动画表情,1,wxid_q454azbavsa321,wxid_h62bfss74k4k22,表情,http://mmbiz.qpic.cn/mmemoticon/Q3auHgzwzM5GInBY3yWKj5kp4braRLDLRTHKe8usew3SYHiadLo3PabyHJziajX8Of/0,2024-08-19 11:30:19
127,1283465875354138184,文本,0,wxid_h62bfss74k4k22,wxid_h62bfss74k4k22,删了吧,,2024-08-19 11:30:30
128,1869148582299343060,文本,0,wxid_h62bfss74k4k22,wxid_h62bfss74k4k22,合理,,2024-08-19 11:30:33
129,2638939368464041939,文本,1,wxid_q454azbavsa321,wxid_h62bfss74k4k22,好的,,2024-08-19 11:30:35
130,6489237577501111473,文本,1,wxid_q454azbavsa321,wxid_h62bfss74k4k22,那我发了？,,2024-08-19 11:31:50
131,3883149483439644667,文本,0,wxid_h62bfss74k4k22,wxid_h62bfss74k4k22,你跟思然姐确认一下，可以就发吧,,2024-08-19 11:32:42
132,8350265398294906977,文本,1,wxid_q454azbavsa321,wxid_h62bfss74k4k22,嗯,,2024-08-19 11:32:46
133,5148599165266826492,系统通知,1,wxid_q454azbavsa321,wxid_h62bfss74k4k22,<revokemsg>你撤回了一条消息</revokemsg>,,2024-08-19 11:46:25
134,7299399293586775603,文本,1,wxid_q454azbavsa321,wxid_h62bfss74k4k22,群里他们这个劳动学时咋算的,,2024-08-19 13:09:32
135,5524807698912838834,文本,0,wxid_h62bfss74k4k22,wxid_h62bfss74k4k22,志愿时长好像年末可以一比一转老董时长,,2024-08-19 13:10:13
136,1346369054739572488,文本,1,wxid_q454azbavsa321,wxid_h62bfss74k4k22,那这个活动就是志愿时长然后期末兑换？,,2024-08-19 13:10:41
137,6260964053481436669,文本,0,wxid_h62bfss74k4k22,wxid_h62bfss74k4k22,之前有说过直接发劳动时长吗,,2024-08-19 13:46:40
138,7456421896590668727,文本,0,wxid_h62bfss74k4k22,wxid_h62bfss74k4k22,我这边没发过,,2024-08-19 13:46:44
139,169030549457780906,文本,1,wxid_q454azbavsa321,wxid_h62bfss74k4k22,理论来说是志愿时长,,2024-08-19 13:46:57
140,7429129598213729084,文本,0,wxid_h62bfss74k4k22,wxid_h62bfss74k4k22,那就发志愿时长,,2024-08-19 13:50:19
141,4894668183922317598,系统通知,1,wxid_q454azbavsa321,wxid_h62bfss74k4k22,<revokemsg>You recalled a message</revokemsg>,,2024-08-19 21:31:47
142,4298063628282200830,系统通知,1,wxid_q454azbavsa321,wxid_h62bfss74k4k22,<revokemsg>你撤回了一条消息</revokemsg>,,2024-08-19 21:32:12
143,3000889525721565030,系统通知,1,wxid_q454azbavsa321,wxid_h62bfss74k4k22,<revokemsg>You recalled a message</revokemsg>,,2024-08-19 21:32:13
144,4622446210696125920,文本,0,wxid_h62bfss74k4k22,wxid_h62bfss74k4k22,宏哲，接车处的曹伊凡、宿舍楼下的袁钰涛要负责现场机器人维护和拍照，从机动组找两位同学顶过去吧,,2024-08-20 18:17:38
145,5412609015935635142,文本,0,wxid_h62bfss74k4k22,wxid_h62bfss74k4k22,跟同学说明一下,,2024-08-20 18:17:45
146,5849895880928760949,文本,1,wxid_q454azbavsa321,wxid_h62bfss74k4k22,我现在就去说哈,,2024-08-20 18:18:10
147,181338297289411455,文本,0,wxid_h62bfss74k4k22,wxid_h62bfss74k4k22,以及你们有定什么时候给同学们开培训会吗,,2024-08-20 18:18:47
148,2501618584544299346,文本,1,wxid_q454azbavsa321,wxid_h62bfss74k4k22,没有诶,,2024-08-20 18:18:56
149,1399101493700218578,文本,1,wxid_q454azbavsa321,wxid_h62bfss74k4k22,老师看你啦,,2024-08-20 18:19:00
150,2503149820778102690,动画表情,1,wxid_q454azbavsa321,wxid_h62bfss74k4k22,表情,http://mmbiz.qpic.cn/mmemoticon/Q3auHgzwzM5GInBY3yWKj5kp4braRLDLRTHKe8usew3SYHiadLo3PabyHJziajX8Of/0,2024-08-20 18:19:01
151,2720547961180418449,文本,0,wxid_h62bfss74k4k22,wxid_h62bfss74k4k22,这边学校还没有给我们迎新当天的流程,,2024-08-20 18:40:31
152,6263820826283599679,文本,0,wxid_h62bfss74k4k22,wxid_h62bfss74k4k22,我再等等 不行就明天开了,,2024-08-20 18:40:49
153,437507927453893550,动画表情,1,wxid_q454azbavsa321,wxid_h62bfss74k4k22,"<msg><emoji fromusername = ""wxid_q454azbavsa321"" tousername = ""wxid_h62bfss74k4k22"" type=""2"" androidmd5=""818925BE33D010A9FBE1C301B3BB9678"" androidlen=""91547"" productid=""com.tencent.xin.emoticon.person.stiker_1470932745212b0e97ef39f298""></emoji></msg>",,2024-08-20 18:41:01
154,6884024505734765474,文本,1,wxid_q454azbavsa321,wxid_h62bfss74k4k22,我想想有什么要嘱咐的我一并说,,2024-08-20 18:41:23
155,4947884300772505993,语音,0,wxid_h62bfss74k4k22,wxid_h62bfss74k4k22,"语音时长：8.01秒
翻译结果：洪喆，22号来沙河之前，你去趟1005，找一下刘宇轩老师，他那里有之前的一些工作证儿，你也一定带过来。",wxid_h62bfss74k4k22\2024-08-20_19-12-59_0_4947884300772505993.wav,2024-08-20 19:12:59
156,7127931298608901844,文本,1,wxid_q454azbavsa321,wxid_h62bfss74k4k22,嗯好的,,2024-08-20 19:13:24
157,203412363819471255,文本,1,wxid_q454azbavsa321,wxid_h62bfss74k4k22,到时候我当天上午去,,2024-08-20 19:13:39
158,8046651883999473525,文本,0,wxid_h62bfss74k4k22,wxid_h62bfss74k4k22,宏哲，23号上午 你不跟车来吗,,2024-08-21 10:42:40
159,3088212906185049818,文本,0,wxid_h62bfss74k4k22,wxid_h62bfss74k4k22,我看乘车的名单里没有你,,2024-08-21 10:42:46
160,7917074613881873865,文本,1,wxid_q454azbavsa321,wxid_h62bfss74k4k22,跟的，我没有写，今天还有一两个找我改的，我晚点在整理一份,,2024-08-21 10:43:40
161,7600590207761652749,动画表情,1,wxid_q454azbavsa321,wxid_h62bfss74k4k22,表情,http://mmbiz.qpic.cn/mmemoticon/Q3auHgzwzM5GInBY3yWKj5kp4braRLDLRTHKe8usew3SYHiadLo3PabyHJziajX8Of/0,2024-08-21 10:43:46
162,5174554728854470984,文本,0,wxid_h62bfss74k4k22,wxid_h62bfss74k4k22,那早上一辆50人的车够吗,,2024-08-21 10:44:12
163,4329229416370087784,文本,0,wxid_h62bfss74k4k22,wxid_h62bfss74k4k22,我看你这边排的是满的,,2024-08-21 10:44:16
164,5296208520206287373,文本,0,wxid_h62bfss74k4k22,wxid_h62bfss74k4k22,我以为是够的,,2024-08-21 10:44:24
165,2875150437489072182,文本,1,wxid_q454azbavsa321,wxid_h62bfss74k4k22,车不够的到时候打车去要不然？,,2024-08-21 10:44:57
166,1104578162015317801,文本,0,wxid_h62bfss74k4k22,wxid_h62bfss74k4k22,……那早知道应该提前多加一辆车,,2024-08-21 10:45:12
167,2251427560152423574,文本,1,wxid_q454azbavsa321,wxid_h62bfss74k4k22,去年的时候不是就写的说打车去给报销吗,,2024-08-21 10:45:16
168,3583202155926796059,文本,0,wxid_h62bfss74k4k22,wxid_h62bfss74k4k22,但是多加一辆车也跟他们打车来回的钱差不多了,,2024-08-21 10:45:37
169,7304876041487753870,文本,1,wxid_q454azbavsa321,wxid_h62bfss74k4k22,咱就定了一辆车吗？,,2024-08-21 10:46:04
170,5765473061066852359,动画表情,1,wxid_q454azbavsa321,wxid_h62bfss74k4k22,表情,http://wxapp.tc.qq.com/262/20304/stodownload?m=59e1a601874d3168bd7e3e471ec81195&filekey=30350201010421301f0202010604025348041059e1a601874d3168bd7e3e471ec811950203009862040d00000004627466730000000132&hy=SH&storeid=2630edeb30001d7b5000000000000010600004f5053482f267b40b63235d6f&bizid=1023,2024-08-21 10:46:08
171,7089798974967599270,文本,0,wxid_h62bfss74k4k22,wxid_h62bfss74k4k22,你没看群里消息吗,,2024-08-21 10:46:20
172,2381067525852098127,文本,0,wxid_h62bfss74k4k22,wxid_h62bfss74k4k22,你抓紧时间去跟思然姐确认一下,,2024-08-21 10:47:25
173,6185402798654427837,文本,0,wxid_h62bfss74k4k22,wxid_h62bfss74k4k22,说早上的人数可能会超,,2024-08-21 10:47:33
174,4246597907473120921,文本,0,wxid_h62bfss74k4k22,wxid_h62bfss74k4k22,问问能不能再加一辆车,,2024-08-21 10:47:38
175,5051058350296493851,文本,0,wxid_h62bfss74k4k22,wxid_h62bfss74k4k22,预算是够的，尽快,,2024-08-21 10:47:45
176,3914580062848859725,文本,1,wxid_q454azbavsa321,wxid_h62bfss74k4k22,好的,,2024-08-21 10:47:56
177,6897114329050035162,文本,1,wxid_q454azbavsa321,wxid_h62bfss74k4k22,我和思然姐说了,,2024-08-21 11:10:25
178,7221164361376893011,文本,1,wxid_q454azbavsa321,wxid_h62bfss74k4k22,等他回我吧,,2024-08-21 11:10:35
179,322683808376312273,文本,0,wxid_h62bfss74k4k22,wxid_h62bfss74k4k22,ok,,2024-08-21 11:10:38
180,4180805722920678661,文本,1,wxid_q454azbavsa321,wxid_h62bfss74k4k22,加了一辆小车,,2024-08-21 12:09:14
181,6813872603447878131,文本,0,wxid_h62bfss74k4k22,wxid_h62bfss74k4k22,ok,,2024-08-21 12:09:21
182,9188327319275550698,文本,0,wxid_h62bfss74k4k22,wxid_h62bfss74k4k22,早上六点发车吗,,2024-08-21 12:12:33
183,8108339822669633686,文本,1,wxid_q454azbavsa321,wxid_h62bfss74k4k22,"8月22日周四，1辆37座中巴车，11：50车到北京邮电大学西土城校区西门外接人（人齐后12点听老师通知发车）去沙河校区内，暂定18点从沙河校区内接人返回西土城校区西门外！

8月23日周五，1辆21座小巴车和1辆大巴车，早晨5：30车到北京邮电大学西土城校区西门外接人（人齐后5：40听老师通知发车）去沙河校区内，暂定14：10从沙河校区内接人返回西土城校区西门外！

8月23日周五，1辆大巴车，中午11：20车到北京邮电大学西土城校区西门外接人（人齐后11：30听老师通知发车）去沙河校区内，暂定20：10从沙河校区内接人返回西土城校区西门外！",,2024-08-21 12:12:56
184,7178871019093721222,文本,1,wxid_q454azbavsa321,wxid_h62bfss74k4k22,思然姐刚给我发的,,2024-08-21 12:13:04
185,2388634313520777433,文本,1,wxid_q454azbavsa321,wxid_h62bfss74k4k22,他晚点给我发车牌,,2024-08-21 12:13:11
186,203541494678797916,文本,1,wxid_q454azbavsa321,wxid_h62bfss74k4k22,回头我一起发到,,2024-08-21 12:13:17
187,6542906004002116898,文本,1,wxid_q454azbavsa321,wxid_h62bfss74k4k22,群里,,2024-08-21 12:13:20
188,2956031634726843183,语音,0,wxid_h62bfss74k4k22,wxid_h62bfss74k4k22,"语音时长：3.93秒
翻译结果：洪哲，你是海伦姐的学生吗？或者你认识海伦姐吗？",wxid_h62bfss74k4k22\2024-08-21_19-15-03_0_2956031634726843183.wav,2024-08-21 19:15:03
189,1896005402290554182,文本,1,wxid_q454azbavsa321,wxid_h62bfss74k4k22,我是魏涛的,,2024-08-21 19:15:55
190,7340613223611278733,动画表情,1,wxid_q454azbavsa321,wxid_h62bfss74k4k22,表情,http://mmbiz.qpic.cn/mmemoticon/Q3auHgzwzM5GInBY3yWKj5kp4braRLDLRTHKe8usew3SYHiadLo3PabyHJziajX8Of/0,2024-08-21 19:15:57
191,4013419754795732318,文本,1,wxid_q454azbavsa321,wxid_h62bfss74k4k22,不认识,,2024-08-21 19:16:02
192,4768639866388003026,语音,0,wxid_h62bfss74k4k22,wxid_h62bfss74k4k22,"语音时长：22.00秒
翻译结果：对呀，明天我们从本部有一些物资要带过来，包括一些院徽，然后还有一些什么主教练什么的，然后你提前联系一下海伦姐，看看什么时候能过去把院徽取到，然后同时找一下1005的刘玉泉老师。拿一下他准备好的一些物资，你们一块儿带过来，大概可能需要两三个人的人手吧，你提前安排。",wxid_h62bfss74k4k22\2024-08-21_19-16-26_0_4768639866388003026.wav,2024-08-21 19:16:26
193,8555765379889013783,语音,0,wxid_h62bfss74k4k22,wxid_h62bfss74k4k22,"语音时长：6.00秒
翻译结果：或者你看看志愿者里面有没有你认识的二三级的海璐姐的学生，你让他去跟海璐姐对。",wxid_h62bfss74k4k22\2024-08-21_19-16-40_0_8555765379889013783.wav,2024-08-21 19:16:40
194,4668625019221709534,语音,0,wxid_h62bfss74k4k22,wxid_h62bfss74k4k22,"语音时长：8.37秒
翻译结果：以及我们这边会有一些宿舍的那个圈子，要发给谷老板帮忙做一下，然后做好之后，你原来的一起取回来。",wxid_h62bfss74k4k22\2024-08-21_19-17-42_0_4668625019221709534.wav,2024-08-21 19:17:42
195,9216517779723204955,文本,1,wxid_q454azbavsa321,wxid_h62bfss74k4k22,做的那个圈子,,2024-08-21 19:52:44
196,8280327850101997275,动画表情,1,wxid_q454azbavsa321,wxid_h62bfss74k4k22,表情,http://mmbiz.qpic.cn/mmemoticon/Q3auHgzwzM5GInBY3yWKj5kp4braRLDLRTHKe8usew3SYHiadLo3PabyHJziajX8Of/0,2024-08-21 19:52:48
197,8089144776154344536,文本,1,wxid_q454azbavsa321,wxid_h62bfss74k4k22,有没有样式,,2024-08-21 19:52:52
198,2309752548099228457,文本,1,wxid_q454azbavsa321,wxid_h62bfss74k4k22,还是说,,2024-08-21 19:52:56
199,3705868184276301234,文本,1,wxid_q454azbavsa321,wxid_h62bfss74k4k22,我说他就知道,,2024-08-21 19:53:00
200,1151155515349610407,文本,0,wxid_h62bfss74k4k22,wxid_h62bfss74k4k22,我一会儿发给谷老板做,,2024-08-21 19:53:06
201,1108334425984999672,文本,1,wxid_q454azbavsa321,wxid_h62bfss74k4k22,好,,2024-08-21 19:53:09
202,8941843279265670497,文本,1,wxid_q454azbavsa321,wxid_h62bfss74k4k22,那我明天就拿,,2024-08-21 19:53:13
203,7430680815041632744,文本,0,wxid_h62bfss74k4k22,wxid_h62bfss74k4k22,你去取就说计算机学院的就好,,2024-08-21 19:53:17
204,7905274081030146688,文本,1,wxid_q454azbavsa321,wxid_h62bfss74k4k22,我加了刘海伦老师了,,2024-08-21 19:53:24
205,679653009490667682,文本,1,wxid_q454azbavsa321,wxid_h62bfss74k4k22,等他同意我就说,,2024-08-21 19:53:30
206,8911947422513441316,文本,0,wxid_h62bfss74k4k22,wxid_h62bfss74k4k22,ok,,2024-08-21 19:53:33
207,6565548358088189847,动画表情,1,wxid_q454azbavsa321,wxid_h62bfss74k4k22,表情,http://vweixinf.tc.qq.com/110/20401/stodownload?m=0a8477b10f75b0f1ba481457e4baa1b4&filekey=30440201010430302e02016e040253480420306138343737623130663735623066316261343831343537653462616131623402030090e7040d00000004627466730000000132&hy=SH&storeid=2669f0f150000f17f3056b8a20000006e01004fb1534826965b01e748ae8b1&ef=1&bizid=1022,2024-08-21 19:53:33
208,1447387304401037192,动画表情,1,wxid_q454azbavsa321,wxid_h62bfss74k4k22,表情,http://wxapp.tc.qq.com/262/20304/stodownload?m=f881611309cc0a1aa13c30bf6999ba3b&filekey=30350201010421301f02020106040253480410f881611309cc0a1aa13c30bf6999ba3b020300dee9040d00000004627466730000000132&hy=SH&storeid=2646a334500028d6229687b4c0000010600004f5053481677eb61e64d580d9&bizid=1023,2024-08-21 19:53:37
209,144270983501620246,文本,0,wxid_h62bfss74k4k22,wxid_h62bfss74k4k22,1005要带的东西装了一箱放在1005门口的小推车上了,,2024-08-21 20:53:20
210,6645372875038964003,文本,1,wxid_q454azbavsa321,wxid_h62bfss74k4k22,行老师也没同意我，到时候我就打个招呼推着车走,,2024-08-21 20:53:51
211,2402143793195748468,动画表情,1,wxid_q454azbavsa321,wxid_h62bfss74k4k22,表情,http://mmbiz.qpic.cn/mmemoticon/Q3auHgzwzM5GInBY3yWKj5kp4braRLDLRTHKe8usew3SYHiadLo3PabyHJziajX8Of/0,2024-08-21 20:53:55
212,8052552143704469037,文本,0,wxid_h62bfss74k4k22,wxid_h62bfss74k4k22,没事 我明天早上跟海伦姐说一声,,2024-08-21 20:54:24
213,7183972846929578489,文本,1,wxid_q454azbavsa321,wxid_h62bfss74k4k22,好,,2024-08-21 20:54:59
214,8204876232590957400,文本,1,wxid_q454azbavsa321,wxid_h62bfss74k4k22,明天我先去谷老板哪里取东西然后我再去1005盖章，拿物资，拿证,,2024-08-21 20:55:52
215,7330077561307659933,文本,1,wxid_q454azbavsa321,wxid_h62bfss74k4k22,三件事,,2024-08-21 20:55:54
216,5767872787385630348,文本,0,wxid_h62bfss74k4k22,wxid_h62bfss74k4k22,证在那一箱子物资里，章你跟海伦姐确定一下是在本部盖了还是带来盖，因为沙河也有要盖章的材料，明天海伦姐会把章借过来,,2024-08-21 20:56:47
217,58923491097287360,文本,1,wxid_q454azbavsa321,wxid_h62bfss74k4k22,好,,2024-08-21 20:56:55
218,668340261709402953,文本,1,wxid_q454azbavsa321,wxid_h62bfss74k4k22,咱们东西怎么说,,2024-08-22 09:44:40
219,654959175004623484,文本,1,wxid_q454azbavsa321,wxid_h62bfss74k4k22,我要搬到车上嘛,,2024-08-22 09:45:10
220,3674990772222449168,动画表情,1,wxid_q454azbavsa321,wxid_h62bfss74k4k22,表情,http://mmbiz.qpic.cn/mmemoticon/Q3auHgzwzM5GInBY3yWKj5kp4braRLDLRTHKe8usew3SYHiadLo3PabyHJziajX8Of/0,2024-08-22 09:45:11
221,9047595962522679743,文本,0,wxid_h62bfss74k4k22,wxid_h62bfss74k4k22,搬上车一起带过来就行,,2024-08-22 09:45:17
222,3957843618278386438,文本,1,wxid_q454azbavsa321,wxid_h62bfss74k4k22,彳亍,,2024-08-22 09:45:22
223,7114475857040709866,文本,0,wxid_h62bfss74k4k22,wxid_h62bfss74k4k22,你看现在有地方放不,,2024-08-22 09:45:23
224,5366758170656142009,文本,0,wxid_h62bfss74k4k22,wxid_h62bfss74k4k22,放1005门口也行,,2024-08-22 09:45:30
225,5812702764634128448,文本,1,wxid_q454azbavsa321,wxid_h62bfss74k4k22,我放到车上吧,,2024-08-22 09:45:38
226,3965959237294840112,文本,0,wxid_h62bfss74k4k22,wxid_h62bfss74k4k22,ok,,2024-08-22 09:45:47
227,7597218441563247966,文本,1,wxid_q454azbavsa321,wxid_h62bfss74k4k22,车没来我是傻子,,2024-08-22 09:54:35
228,2624494972841221147,系统通知,1,wxid_q454azbavsa321,wxid_h62bfss74k4k22,<revokemsg>You recalled a message</revokemsg>,,2024-08-22 09:54:41
229,2414539653127729720,文本,1,wxid_q454azbavsa321,wxid_h62bfss74k4k22,随再放回1005,,2024-08-22 09:54:45
230,9193316911167150442,动画表情,1,wxid_q454azbavsa321,wxid_h62bfss74k4k22,表情,http://vweixinf.tc.qq.com/110/20401/stodownload?m=eee007ed81700f192eb0de1a6c349507&filekey=30440201010430302e02016e04025348042065656530303765643831373030663139326562306465316136633334393530370203010a68040d00000004627466730000000132&hy=SH&storeid=2641f5a1c000497dc7a87cfa00000006e01004fb153481d5058e0b6988e4be&ef=1&bizid=1022,2024-08-22 09:54:46
231,4730600272380034300,动画表情,0,wxid_h62bfss74k4k22,wxid_h62bfss74k4k22,表情,http://vweixinf.tc.qq.com/110/20401/stodownload?m=d27f2f4eaa3f00915ab5b897a33af72c&filekey=30440201010430302e02016e0402535a042064323766326634656161336630303931356162356238393761333361663732630203017474040d00000004627466730000000132&hy=SZ&storeid=26612d1d8000a82f3bb59a4600000006e01004fb1535a1d66dbc1e6c2d6f60&ef=1&bizid=1022,2024-08-22 09:54:50
232,571495889556213949,文本,1,wxid_q454azbavsa321,wxid_h62bfss74k4k22,这个院徽,,2024-08-22 09:57:16
233,1082120381980085443,文本,1,wxid_q454azbavsa321,wxid_h62bfss74k4k22,要多少,,2024-08-22 09:57:19
234,1065143343785792197,文本,0,wxid_h62bfss74k4k22,wxid_h62bfss74k4k22,拿650个吧，跟老师说了吗,,2024-08-22 09:57:47
235,3541917558164181797,文本,0,wxid_h62bfss74k4k22,wxid_h62bfss74k4k22,今晚八点给明天的同学开会，在群里通知一下，会前我在群里发会议号,,2024-08-22 10:02:10
236,1159115631072042173,文本,1,wxid_q454azbavsa321,wxid_h62bfss74k4k22,好,,2024-08-22 10:10:07
237,4547367776942792499,文本,1,wxid_q454azbavsa321,wxid_h62bfss74k4k22,院徽什么的,,2024-08-22 10:11:30
238,3301506836155973234,图片,1,wxid_q454azbavsa321,wxid_h62bfss74k4k22,图片,FileStorage\MsgAttach\431b0d1c5a9235f2de1c5aa7431d28c4\Image\2024-08\464d0b9d83895546b595d43c4f58f872.dat,2024-08-22 10:11:35
239,2258207317803053007,文本,1,wxid_q454azbavsa321,wxid_h62bfss74k4k22,都放在车上了,,2024-08-22 10:11:39
240,3516501540488290792,文本,0,wxid_h62bfss74k4k22,wxid_h62bfss74k4k22,ok,,2024-08-22 10:11:44
241,111644822918987615,文本,1,wxid_q454azbavsa321,wxid_h62bfss74k4k22,回头我一并拿走,,2024-08-22 10:11:53
242,3722166540946072962,图片,0,wxid_h62bfss74k4k22,wxid_h62bfss74k4k22,图片,FileStorage\MsgAttach\431b0d1c5a9235f2de1c5aa7431d28c4\Image\2024-08\26b1cc9e62ccecfdc00506eeb9ec1f6c.dat,2024-08-22 10:14:29
243,4318862389575354559,文本,0,wxid_h62bfss74k4k22,wxid_h62bfss74k4k22,以及你方便去拿一下吗，回头我让他请你喝水,,2024-08-22 10:14:45
244,8806095930250450698,文本,0,wxid_h62bfss74k4k22,wxid_h62bfss74k4k22,谷老板那里还有胶带剪刀和6个插线板,,2024-08-22 10:24:26
245,6204954046159272756,文本,0,wxid_h62bfss74k4k22,wxid_h62bfss74k4k22,方便找个同学去取不,,2024-08-22 10:24:39
246,3140379065052568000,文本,1,wxid_q454azbavsa321,wxid_h62bfss74k4k22,都我去吧,,2024-08-22 10:27:25
247,2080979263832073404,文本,1,wxid_q454azbavsa321,wxid_h62bfss74k4k22,他们说取完了,,2024-08-22 10:44:39
248,9160685790738021017,文本,1,wxid_q454azbavsa321,wxid_h62bfss74k4k22,让我去教三811,,2024-08-22 10:44:44
249,2967845527614329410,文本,1,wxid_q454azbavsa321,wxid_h62bfss74k4k22,找谷老师,,2024-08-22 10:44:48
250,4961006070781764458,动画表情,1,wxid_q454azbavsa321,wxid_h62bfss74k4k22,表情,http://mmbiz.qpic.cn/mmemoticon/Q3auHgzwzM5GInBY3yWKj5kp4braRLDLRTHKe8usew3SYHiadLo3PabyHJziajX8Of/0,2024-08-22 10:44:50
251,7889427627718931476,动画表情,1,wxid_q454azbavsa321,wxid_h62bfss74k4k22,表情,http://vweixinf.tc.qq.com/110/20401/stodownload?m=4ef979980eb1a9b2ae19dcad36ddac00&filekey=3043020101042f302d02016e0402535a0420346566393739393830656231613962326165313964636164333664646163303002022aa5040d00000004627466730000000132&hy=SZ&storeid=26512dfe8000b6863cde931b60000006e01004fb1535a0ad64bc1e7066fb66&ef=1&bizid=1022,2024-08-22 10:53:09
252,5001884178185014545,文本,1,wxid_q454azbavsa321,wxid_h62bfss74k4k22,我再去找,,2024-08-22 10:53:14
253,6961364168501143896,动画表情,0,wxid_h62bfss74k4k22,wxid_h62bfss74k4k22,表情,http://vweixinf.tc.qq.com/110/20401/stodownload?m=22938b05475f812cd32f63ba9d2c3c63&filekey=30440201010430302e02016e040253480420323239333862303534373566383132636433326636336261396432633363363302030171be040d00000004627466730000000132&hy=SH&storeid=266b4e9c10001548371fc4d170000006e01004fb1534828e3603156784b363&ef=1&bizid=1022,2024-08-22 10:56:38
254,1769494996594138324,文本,1,wxid_q454azbavsa321,wxid_h62bfss74k4k22,OK拿到了,,2024-08-22 11:01:12
255,6237724482374233024,文本,1,wxid_q454azbavsa321,wxid_h62bfss74k4k22,这个小推车我也先拿着了,,2024-08-22 11:54:11
256,4370573000796470537,文本,1,wxid_q454azbavsa321,wxid_h62bfss74k4k22,回来还,,2024-08-22 11:54:17
257,4711642247592300772,文本,0,wxid_h62bfss74k4k22,wxid_h62bfss74k4k22,ok,,2024-08-22 11:54:20
258,7758580897016005995,文本,1,wxid_q454azbavsa321,wxid_h62bfss74k4k22,我们出发了,,2024-08-22 12:05:06
259,3965427092905354614,文本,0,wxid_h62bfss74k4k22,wxid_h62bfss74k4k22,okok,,2024-08-22 12:05:50
260,9209036340979263348,文本,1,wxid_q454azbavsa321,wxid_h62bfss74k4k22,好快,,2024-08-22 12:36:47
261,7661735000732445733,文本,1,wxid_q454azbavsa321,wxid_h62bfss74k4k22,我们到了,,2024-08-22 12:36:52
262,5166732191437086115,文本,0,wxid_h62bfss74k4k22,wxid_h62bfss74k4k22,到了？,,2024-08-22 12:36:54
263,4495774218741062356,文本,0,wxid_h62bfss74k4k22,wxid_h62bfss74k4k22,这么快,,2024-08-22 12:37:02
264,5645718170765959316,文本,1,wxid_q454azbavsa321,wxid_h62bfss74k4k22,嗯,,2024-08-22 12:37:12
265,7840025110442710681,文本,0,wxid_h62bfss74k4k22,wxid_h62bfss74k4k22,来东配楼302吧,,2024-08-22 12:37:30
266,5337472719315148521,文本,0,wxid_h62bfss74k4k22,wxid_h62bfss74k4k22,大家吃了饭的吗,,2024-08-22 12:38:56
267,6548655099192133117,文本,1,wxid_q454azbavsa321,wxid_h62bfss74k4k22,都没呢早着呢,,2024-08-22 12:40:15
268,7723857935091233923,文本,1,wxid_q454azbavsa321,wxid_h62bfss74k4k22,我让他们先去吃饭,,2024-08-22 12:40:23
269,43518591915107495,文本,0,wxid_h62bfss74k4k22,wxid_h62bfss74k4k22,先去吃饭 一点半来东配楼302吧,,2024-08-22 12:40:38
270,4725093053909427908,文本,1,wxid_q454azbavsa321,wxid_h62bfss74k4k22,然后晚点东配楼302集合,,2024-08-22 12:40:40
271,1659704646256006571,文本,1,wxid_q454azbavsa321,wxid_h62bfss74k4k22,好的,,2024-08-22 12:40:41
272,3710470014951137272,文本,1,wxid_q454azbavsa321,wxid_h62bfss74k4k22,我先来了,,2024-08-22 12:40:48
273,6548280460614779292,文本,0,wxid_h62bfss74k4k22,wxid_h62bfss74k4k22,okok,,2024-08-22 12:40:53
274,1606236277459824119,图片,1,wxid_q454azbavsa321,wxid_h62bfss74k4k22,图片,FileStorage\MsgAttach\431b0d1c5a9235f2de1c5aa7431d28c4\Image\2024-08\5848bd66e862d07be5d14f73c5ae1872.dat,2024-08-22 14:55:12
275,1252229884954741418,图片,1,wxid_q454azbavsa321,wxid_h62bfss74k4k22,图片,FileStorage\MsgAttach\431b0d1c5a9235f2de1c5aa7431d28c4\Image\2024-08\ee31da56bdd30c641347628fe5c25b67.dat,2024-08-22 14:55:13
276,8509341013044948786,图片,1,wxid_q454azbavsa321,wxid_h62bfss74k4k22,图片,FileStorage\MsgAttach\431b0d1c5a9235f2de1c5aa7431d28c4\Image\2024-08\95d7b6bdd40fc00ac431b9ae95b15713.dat,2024-08-22 14:55:14
277,2292744248560100400,图片,1,wxid_q454azbavsa321,wxid_h62bfss74k4k22,图片,FileStorage\MsgAttach\431b0d1c5a9235f2de1c5aa7431d28c4\Image\2024-08\8193b8adc61738fb53508c139625a74b.dat,2024-08-22 14:55:16
278,3782688706497141101,文本,0,wxid_h62bfss74k4k22,wxid_h62bfss74k4k22,get,,2024-08-22 14:55:44
279,7492996396182782759,语音,0,wxid_h62bfss74k4k22,wxid_h62bfss74k4k22,"语音时长：7.62秒
翻译结果：刚刚有几位同学去领娃，去领娃娃了，你让他们回去之后，把那个娃娃再推回到计算机这边的这个摊位这儿吧。",wxid_h62bfss74k4k22\2024-08-22_15-05-30_0_7492996396182782759.wav,2024-08-22 15:05:30
280,6369211535576912471,语音,0,wxid_h62bfss74k4k22,wxid_h62bfss74k4k22,"语音时长：4.86秒
翻译结果：就在NS楼的S楼口的这个位置，是我们学院的摊位，让他直接推到这边去了。",wxid_h62bfss74k4k22\2024-08-22_15-05-37_0_6369211535576912471.wav,2024-08-22 15:05:37
281,810242544545705165,文本,1,wxid_q454azbavsa321,wxid_h62bfss74k4k22,好的,,2024-08-22 15:10:32
282,1217244702514939217,文本,1,wxid_q454azbavsa321,wxid_h62bfss74k4k22,咱们接下来做什么,,2024-08-22 15:39:24
283,5604558582954689870,动画表情,1,wxid_q454azbavsa321,wxid_h62bfss74k4k22,表情,http://mmbiz.qpic.cn/mmemoticon/Q3auHgzwzM5GInBY3yWKj5kp4braRLDLRTHKe8usew3SYHiadLo3PabyHJziajX8Of/0,2024-08-22 15:39:25
284,5263990406939787227,文本,1,wxid_q454azbavsa321,wxid_h62bfss74k4k22,我们做完了,,2024-08-22 15:39:28
285,8015419399260250721,文本,1,wxid_q454azbavsa321,wxid_h62bfss74k4k22,俺们来拿袋子了,,2024-08-22 15:48:06
286,6892575514496810313,动画表情,1,wxid_q454azbavsa321,wxid_h62bfss74k4k22,表情,http://wxapp.tc.qq.com/262/20304/stodownload?m=fb58f12a2fefd6b431b81c51724c3bd0&filekey=30350201010421301f02020106040253480410fb58f12a2fefd6b431b81c51724c3bd002030154b5040d00000004627466730000000132&hy=SH&storeid=2632438c4000eadac000000000000010600004f5053482df67b40b7dcb837e&bizid=1023,2024-08-22 15:48:09
287,2865093606546612418,文本,1,wxid_q454azbavsa321,wxid_h62bfss74k4k22,我们自己拿了,,2024-08-22 15:49:04
288,7685589898251097686,图片,1,wxid_q454azbavsa321,wxid_h62bfss74k4k22,图片,FileStorage\MsgAttach\431b0d1c5a9235f2de1c5aa7431d28c4\Image\2024-08\6c214e44db48be6f7001267c2d84e962.dat,2024-08-22 15:49:20
289,6782092820116847056,文本,0,wxid_h62bfss74k4k22,wxid_h62bfss74k4k22,okk,,2024-08-22 15:55:11
290,656146829796174347,文本,0,wxid_h62bfss74k4k22,wxid_h62bfss74k4k22,宏哲，回本部之后去找下冯师傅拿点东西，新做的,,2024-08-22 16:27:31
291,3929359707337627648,文本,0,wxid_h62bfss74k4k22,wxid_h62bfss74k4k22,再带两卷泡泡胶,,2024-08-22 16:51:19
292,8008293768044946368,文本,1,wxid_q454azbavsa321,wxid_h62bfss74k4k22,啊,,2024-08-22 17:25:46
293,1115913291178268366,语音通话,1,wxid_q454azbavsa321,wxid_h62bfss74k4k22,语音/视频通话[Duration: 00:42],,2024-08-22 17:26:35
294,107432077129925654,语音通话,0,wxid_h62bfss74k4k22,wxid_h62bfss74k4k22,语音/视频通话[Call not answered],,2024-08-22 17:48:32
295,2188390921513081153,语音,0,wxid_h62bfss74k4k22,wxid_h62bfss74k4k22,"语音时长：9.76秒
翻译结果：嗯，洪哲两个事情，第一个是刘玉春他们现在帮我们拉点儿东西，然后一会儿拉完东西再去坐车，你们如果先去的话，等他们一会儿到。",wxid_h62bfss74k4k22\2024-08-22_18-08-42_0_2188390921513081153.wav,2024-08-22 18:08:42
296,5619259811853188707,语音,0,wxid_h62bfss74k4k22,wxid_h62bfss74k4k22,"语音时长：8.72秒
翻译结果：第二个事情是，明天你来之前直接去1005门口拉一箱雨伞过来，这边确实缺了不少，所以你直接拉一箱过来。",wxid_h62bfss74k4k22\2024-08-22_18-08-52_0_5619259811853188707.wav,2024-08-22 18:08:52
297,5383088318916855907,语音通话,1,wxid_q454azbavsa321,wxid_h62bfss74k4k22,语音/视频通话[Duration: 01:21],,2024-08-22 18:27:17
298,6185376842371050839,文本,0,wxid_h62bfss74k4k22,wxid_h62bfss74k4k22,"文字提醒一下
1. 去冯师傅那里拿新做好的东西
2. 明天早上去1005门口取箱子，等放好以后我把位置照片发你",,2024-08-22 18:40:29
299,4968294853344682098,图片,0,wxid_h62bfss74k4k22,wxid_h62bfss74k4k22,图片,FileStorage\MsgAttach\431b0d1c5a9235f2de1c5aa7431d28c4\Image\2024-08\f0c9001b97ea7dd38bff85ccf9ecf049.dat,2024-08-22 19:42:26
300,4826996490266511397,文本,0,wxid_h62bfss74k4k22,wxid_h62bfss74k4k22,这个是院徽的底座,,2024-08-22 19:42:32
301,6038507306638296758,文本,0,wxid_h62bfss74k4k22,wxid_h62bfss74k4k22,还有雨伞也在1005门口，不用管颜色直接搬一箱走,,2024-08-22 19:42:50
302,9167755584617723221,文本,1,wxid_q454azbavsa321,wxid_h62bfss74k4k22,咱们教三几点开门,,2024-08-22 20:19:06
303,682047090512968583,动画表情,1,wxid_q454azbavsa321,wxid_h62bfss74k4k22,表情,FileStorage\CustomEmotion\71\71CE49ED3CE9E57E43E07F802983BF45,2024-08-22 20:19:10
304,7601018764756014710,文本,1,wxid_q454azbavsa321,wxid_h62bfss74k4k22,雨伞和院徽底座,,2024-08-22 20:21:38
305,6605839581444933526,文本,1,wxid_q454azbavsa321,wxid_h62bfss74k4k22,嘶,,2024-08-22 20:21:44
306,3063662949763437600,文本,1,wxid_q454azbavsa321,wxid_h62bfss74k4k22,光院徽就2箱子？,,2024-08-22 20:21:57
307,358776401427409124,文本,0,wxid_h62bfss74k4k22,wxid_h62bfss74k4k22,得走地下室,,2024-08-22 20:22:04
308,2154995554310438610,文本,0,wxid_h62bfss74k4k22,wxid_h62bfss74k4k22,但是院徽的壳子不重,,2024-08-22 20:22:10
309,160515506943138319,文本,1,wxid_q454azbavsa321,wxid_h62bfss74k4k22,俺知道,,2024-08-22 20:22:12
310,1191043082675232629,文本,0,wxid_h62bfss74k4k22,wxid_h62bfss74k4k22,所以跟你说得多找几个人,,2024-08-22 20:22:17
311,9139651223396777721,文本,1,wxid_q454azbavsa321,wxid_h62bfss74k4k22,雨伞还有一个箱子是嘛,,2024-08-22 20:22:19
312,8831878362729200186,文本,0,wxid_h62bfss74k4k22,wxid_h62bfss74k4k22,对,,2024-08-22 20:22:23
313,2444715361405920929,文本,1,wxid_q454azbavsa321,wxid_h62bfss74k4k22,嗯嗯,,2024-08-22 20:22:24
314,6905624914023792480,文本,1,wxid_q454azbavsa321,wxid_h62bfss74k4k22,emmmm,,2024-08-22 20:22:29
315,3742062093549668783,文本,0,wxid_h62bfss74k4k22,wxid_h62bfss74k4k22,这个重,,2024-08-22 20:22:29
316,8424479609917291687,文本,1,wxid_q454azbavsa321,wxid_h62bfss74k4k22,好,,2024-08-22 20:22:33
317,3818328260054178058,动画表情,0,wxid_h62bfss74k4k22,wxid_h62bfss74k4k22,表情,http://wxapp.tc.qq.com/262/20304/stodownload?m=4e1b5cba44a53d3f6fbcd578c163dbb5&filekey=30350201010421301f020201060402535a04104e1b5cba44a53d3f6fbcd578c163dbb5020300c860040d00000004627466730000000131&hy=SZ&storeid=32303232303730333133333731383030303565383862363832616161313733653631383830393030303030313036&bizid=1023,2024-08-22 20:22:33
318,2744141838286549848,文本,1,wxid_q454azbavsa321,wxid_h62bfss74k4k22,咱们带电脑的是名单第一列的同学吧？,,2024-08-22 20:28:36
319,7763904584591308242,文本,1,wxid_q454azbavsa321,wxid_h62bfss74k4k22,那我不让别人在安排了,,2024-08-22 20:28:54
320,145854887305621712,文本,0,wxid_h62bfss74k4k22,wxid_h62bfss74k4k22,嗯，电脑是够的应该,,2024-08-22 20:29:09
321,5432848121552507831,文本,1,wxid_q454azbavsa321,wxid_h62bfss74k4k22,这个牌子咱们有几个,,2024-08-23 05:10:36
322,8326731475239590874,文本,1,wxid_q454azbavsa321,wxid_h62bfss74k4k22,三个？,,2024-08-23 05:10:39
323,3071829945980428344,图片,1,wxid_q454azbavsa321,wxid_h62bfss74k4k22,图片,FileStorage\MsgAttach\431b0d1c5a9235f2de1c5aa7431d28c4\Image\2024-08\a9791ae95bee46d95e11622b765e115e.dat,2024-08-23 05:10:46
324,4024233988022312333,文本,1,wxid_q454azbavsa321,wxid_h62bfss74k4k22,更新一下4个？,,2024-08-23 05:13:52
325,1254490079341673085,拍一拍,1,wxid_q454azbavsa321,wxid_h62bfss74k4k22,I tickled myself,,2024-08-23 05:25:38
326,7423468421847139434,文本,0,wxid_h62bfss74k4k22,wxid_h62bfss74k4k22,有的先带过来吧,,2024-08-23 05:31:37
327,2571491465767963170,文本,0,wxid_h62bfss74k4k22,wxid_h62bfss74k4k22,有没有小推车的标签,,2024-08-23 05:32:05
328,363195036926929812,语音通话,0,wxid_h62bfss74k4k22,wxid_h62bfss74k4k22,语音/视频通话[Call not answered],,2024-08-23 05:35:55
329,5727999316066491257,语音,0,wxid_h62bfss74k4k22,wxid_h62bfss74k4k22,语音时长：4.60秒,wxid_h62bfss74k4k22\2024-08-23_05-36-21_0_5727999316066491257.wav,2024-08-23 05:36:21
330,235538990284559145,语音,1,wxid_q454azbavsa321,wxid_h62bfss74k4k22,语音时长：1.65秒,wxid_h62bfss74k4k22\2024-08-23_05-36-47_1_235538990284559145.wav,2024-08-23 05:36:47
331,1045868595057345086,语音,1,wxid_q454azbavsa321,wxid_h62bfss74k4k22,语音时长：17.74秒,wxid_h62bfss74k4k22\2024-08-23_05-37-07_1_1045868595057345086.wav,2024-08-23 05:37:07
332,6546520988124596193,文本,0,wxid_h62bfss74k4k22,wxid_h62bfss74k4k22,okk,,2024-08-23 05:38:16
333,7243313116921560456,文本,0,wxid_h62bfss74k4k22,wxid_h62bfss74k4k22,宏哲 现在还有更新的分组名单吗,,2024-08-23 05:47:17
334,4871010337173275201,文本,0,wxid_h62bfss74k4k22,wxid_h62bfss74k4k22,还是说群里那版就是最新了,,2024-08-23 05:47:25
335,8285212105202444766,文本,1,wxid_q454azbavsa321,wxid_h62bfss74k4k22,是的,,2024-08-23 05:48:33
336,6910646116997506568,文本,1,wxid_q454azbavsa321,wxid_h62bfss74k4k22,昨天后面还有改的,,2024-08-23 05:48:42
337,4021471093495566193,文本,1,wxid_q454azbavsa321,wxid_h62bfss74k4k22,到现场吧,,2024-08-23 05:48:46
338,1616056883671831000,文本,1,wxid_q454azbavsa321,wxid_h62bfss74k4k22,我手机电脑平板我都带着呢,,2024-08-23 05:48:56
339,364059950592441567,动画表情,1,wxid_q454azbavsa321,wxid_h62bfss74k4k22,表情,http://vweixinf.tc.qq.com/110/20401/stodownload?m=db431f1c57087a89f8184da9b95c3be2&filekey=3043020101042f302d02016e0402535a0420646234333166316335373038376138396638313834646139623935633362653202023d83040d00000004627466730000000132&hy=SZ&storeid=265d01ffd0008a2a4086f8f4d0000006e01004fb1535a1faa70b156c3cfc60&ef=1&bizid=1022,2024-08-23 05:48:59
340,427475246104849826,文本,0,wxid_h62bfss74k4k22,wxid_h62bfss74k4k22,ok那行,,2024-08-23 05:49:53
341,5500916473916253356,文本,0,wxid_h62bfss74k4k22,wxid_h62bfss74k4k22,我想着打印下来,,2024-08-23 05:49:56
342,1527886550677013321,文本,1,wxid_q454azbavsa321,wxid_h62bfss74k4k22,我电脑慢电没事照着我电脑念,,2024-08-23 05:51:10
343,8897062637960726539,文本,1,wxid_q454azbavsa321,wxid_h62bfss74k4k22,俺们55发车再等一会的,,2024-08-23 05:51:21
344,8035513166025180776,文本,0,wxid_h62bfss74k4k22,wxid_h62bfss74k4k22,思然姐到了吗,,2024-08-23 05:51:26
345,451073875722547043,文本,0,wxid_h62bfss74k4k22,wxid_h62bfss74k4k22,在车上不,,2024-08-23 05:51:28
346,747687855092663546,文本,0,wxid_h62bfss74k4k22,wxid_h62bfss74k4k22,ok没事了,,2024-08-23 05:52:50
347,30491046418315423,文本,1,wxid_q454azbavsa321,wxid_h62bfss74k4k22,啊好的,,2024-08-23 05:52:58
348,7095636133300919217,文本,1,wxid_q454azbavsa321,wxid_h62bfss74k4k22,他没回我,,2024-08-23 05:53:03
349,69212677808651875,文本,1,wxid_q454azbavsa321,wxid_h62bfss74k4k22,咱到了在哪里集合？,,2024-08-23 05:53:10
350,6619841058926861217,文本,1,wxid_q454azbavsa321,wxid_h62bfss74k4k22,304还是甲子钟哪里,,2024-08-23 05:53:19
351,5098791322880310807,动画表情,1,wxid_q454azbavsa321,wxid_h62bfss74k4k22,表情,http://mmbiz.qpic.cn/mmemoticon/Q3auHgzwzM5GInBY3yWKj5kp4braRLDLRTHKe8usew3SYHiadLo3PabyHJziajX8Of/0,2024-08-23 05:53:20
352,6214952313864009045,文本,0,wxid_h62bfss74k4k22,wxid_h62bfss74k4k22,直接去帐篷那里吧,,2024-08-23 05:53:26
353,1983276281291534187,文本,0,wxid_h62bfss74k4k22,wxid_h62bfss74k4k22,NS楼前面那里,,2024-08-23 05:53:51
354,3936092783199273081,文本,0,wxid_h62bfss74k4k22,wxid_h62bfss74k4k22,让大家领完衣服直接进去换了,,2024-08-23 05:54:04
355,4175689681454372749,文本,1,wxid_q454azbavsa321,wxid_h62bfss74k4k22,好,,2024-08-23 05:55:13
356,1841373397488576870,文本,1,wxid_q454azbavsa321,wxid_h62bfss74k4k22,俺们到了,,2024-08-23 06:23:03
357,2589063482825629892,文本,1,wxid_q454azbavsa321,wxid_h62bfss74k4k22,吃的在后边,,2024-08-23 06:28:17
358,670861468261935685,文本,1,wxid_q454azbavsa321,wxid_h62bfss74k4k22,衣服啥的咱们送到了吗,,2024-08-23 06:28:27
359,7288097537866047166,图片,1,wxid_q454azbavsa321,wxid_h62bfss74k4k22,图片,FileStorage\MsgAttach\431b0d1c5a9235f2de1c5aa7431d28c4\Image\2024-08\1bc3e6de81f25e936eb07bf5ef4c85a3.dat,2024-08-23 10:31:04
360,6822783163953419630,语音,0,wxid_h62bfss74k4k22,wxid_h62bfss74k4k22,"语音时长：12.88秒
翻译结果：洪哲，你提醒一下现场那些志愿者，那个雨伞尽量都不要动，因为确实不够所有志愿者散发的，也没给他们准备，你现在让一部分志愿者拿了，到时候别的志愿者一看，他不平衡，肯定会肯定会出问题。",wxid_h62bfss74k4k22\2024-08-23_11-50-07_0_6822783163953419630.wav,2024-08-23 11:50:07
361,7552787371316966152,语音,0,wxid_h62bfss74k4k22,wxid_h62bfss74k4k22,"语音时长：7.79秒
翻译结果：本身数量就准备的是差不多的，加上今天还给领导他们送了一些，还有一些在展示，所以估计数量不太会够，请大家注意一下。",wxid_h62bfss74k4k22\2024-08-23_11-50-15_0_7552787371316966152.wav,2024-08-23 11:50:15
362,5137056642454868245,语音,0,wxid_h62bfss74k4k22,wxid_h62bfss74k4k22,"语音时长：6.00秒
翻译结果：我昨天提醒了的，就是尽量都不要拿行吗？你看一下，尽量多帮忙督促一下。",wxid_h62bfss74k4k22\2024-08-23_11-50-29_0_5137056642454868245.wav,2024-08-23 11:50:29
363,1136985287542805384,语音,1,wxid_q454azbavsa321,wxid_h62bfss74k4k22,语音时长：9.65秒,wxid_h62bfss74k4k22\2024-08-23_14-36-17_1_1136985287542805384.wav,2024-08-23 14:36:17
364,3277668393163581864,文本,0,wxid_h62bfss74k4k22,wxid_h62bfss74k4k22,我没带走，应该还在那边,,2024-08-23 14:37:08
365,9118136860259922301,文本,0,wxid_h62bfss74k4k22,wxid_h62bfss74k4k22,你找同学现场收拾一下吧，把有用的先汇总一下,,2024-08-23 14:37:44
366,3090658750599293714,语音,1,wxid_q454azbavsa321,wxid_h62bfss74k4k22,语音时长：2.11秒,wxid_h62bfss74k4k22\2024-08-23_14-40-50_1_3090658750599293714.wav,2024-08-23 14:40:50
367,42732424991521595,语音,1,wxid_q454azbavsa321,wxid_h62bfss74k4k22,语音时长：7.80秒,wxid_h62bfss74k4k22\2024-08-23_14-41-08_1_42732424991521595.wav,2024-08-23 14:41:08
368,8386202797208916691,动画表情,1,wxid_q454azbavsa321,wxid_h62bfss74k4k22,表情,http://vweixinf.tc.qq.com/110/20401/stodownload?m=0a8477b10f75b0f1ba481457e4baa1b4&filekey=30440201010430302e02016e040253480420306138343737623130663735623066316261343831343537653462616131623402030090e7040d00000004627466730000000132&hy=SH&storeid=2669f0f150000f17f3056b8a20000006e01004fb1534826965b01e748ae8b1&ef=1&bizid=1022,2024-08-23 14:41:13
369,7133299812091502717,语音,1,wxid_q454azbavsa321,wxid_h62bfss74k4k22,语音时长：7.29秒,wxid_h62bfss74k4k22\2024-08-23_14-56-17_1_7133299812091502717.wav,2024-08-23 14:56:17
370,2740524131937087052,文本,0,wxid_h62bfss74k4k22,wxid_h62bfss74k4k22,ok已经说了,,2024-08-23 15:04:58
371,159215823736346045,语音,1,wxid_q454azbavsa321,wxid_h62bfss74k4k22,语音时长：5.89秒,wxid_h62bfss74k4k22\2024-08-23_16-39-20_1_159215823736346045.wav,2024-08-23 16:39:20
372,1326145479414707725,语音,1,wxid_q454azbavsa321,wxid_h62bfss74k4k22,语音时长：7.05秒,wxid_h62bfss74k4k22\2024-08-23_16-39-28_1_1326145479414707725.wav,2024-08-23 16:39:28
373,5662072577127665615,语音,1,wxid_q454azbavsa321,wxid_h62bfss74k4k22,语音时长：10.04秒,wxid_h62bfss74k4k22\2024-08-23_16-39-48_1_5662072577127665615.wav,2024-08-23 16:39:48
374,5827789969601524583,文本,1,wxid_q454azbavsa321,wxid_h62bfss74k4k22,老师有个问题，迎新的这个报销是怎么说,,2024-08-26 09:04:05
375,187818553673613032,动画表情,1,wxid_q454azbavsa321,wxid_h62bfss74k4k22,表情,http://wxapp.tc.qq.com/275/20304/stodownload?m=90e91fc93e09594a968ff9fc0296ae2b&filekey=30350201010421301f0202011304025348041090e91fc93e09594a968ff9fc0296ae2b020304b1ca040d00000004627466730000000132&hy=SH&storeid=26479c4af000c576b000000000000011300004f5053480aa118e0b66acb252&bizid=1023,2024-08-26 09:04:09
376,1947182017481620611,文本,1,wxid_q454azbavsa321,wxid_h62bfss74k4k22,我是要把我的发票送过去吗,,2024-08-26 09:04:18
377,8825779879605096710,文本,0,wxid_h62bfss74k4k22,wxid_h62bfss74k4k22,你汇总好的先给我吧,,2024-08-26 09:12:44
378,1014748259198561784,文本,0,wxid_h62bfss74k4k22,wxid_h62bfss74k4k22,我今天在本部,,2024-08-26 09:12:51
379,2337950945742897933,文本,0,wxid_h62bfss74k4k22,wxid_h62bfss74k4k22,有电子版不？还是都是实体版,,2024-08-26 09:12:58
380,1518551339685772187,文本,1,wxid_q454azbavsa321,wxid_h62bfss74k4k22,啊，我在家,,2024-08-26 09:13:37
381,2838305313378649721,图片,1,wxid_q454azbavsa321,wxid_h62bfss74k4k22,图片,FileStorage\MsgAttach\431b0d1c5a9235f2de1c5aa7431d28c4\Image\2024-08\4e50eb1a0cfe3199cefb8dd838bfd94f.dat,2024-08-26 09:13:45
382,8560121432704473816,文本,1,wxid_q454azbavsa321,wxid_h62bfss74k4k22,实体发票,,2024-08-26 09:13:47
383,3326437832125634548,文本,1,wxid_q454azbavsa321,wxid_h62bfss74k4k22,就这两张,,2024-08-26 09:13:59
384,1325678017928617375,文本,0,wxid_h62bfss74k4k22,wxid_h62bfss74k4k22,这个 不是发票,,2024-08-26 09:15:32
385,3072558178627576502,动画表情,1,wxid_q454azbavsa321,wxid_h62bfss74k4k22,表情,http://wxapp.tc.qq.com/275/20304/stodownload?m=b85659d938dc60160f1a74c59fe0f3e2&filekey=30350201010421301f02020113040253480410b85659d938dc60160f1a74c59fe0f3e20203041651040d00000004627466730000000132&hy=SH&storeid=26479c48a0002d3aa000000000000011300004f50534816869b40b71853762&bizid=1023,2024-08-26 09:15:43
386,3693498096187625573,语音通话,0,wxid_h62bfss74k4k22,wxid_h62bfss74k4k22,语音/视频通话[Already answered elsewhere],,2024-08-26 09:15:46
387,1300684641157733745,图片,1,wxid_q454azbavsa321,wxid_h62bfss74k4k22,图片,FileStorage\MsgAttach\431b0d1c5a9235f2de1c5aa7431d28c4\Image\2024-08\57cd157fb3d79b1d3d762f3e94d1fab7.dat,2024-08-26 09:24:57
388,3300743360512989158,文本,1,wxid_q454azbavsa321,wxid_h62bfss74k4k22,抬头写啥,,2024-08-26 09:25:02
389,6467092132852407990,文本,0,wxid_h62bfss74k4k22,wxid_h62bfss74k4k22,"单位名称：北京邮电大学
税号：12100000400009952C",,2024-08-26 09:25:28
390,6079707659089189659,文本,1,wxid_q454azbavsa321,wxid_h62bfss74k4k22,好,,2024-08-26 09:25:51
391,4299191457110525760,文本,1,wxid_q454azbavsa321,wxid_h62bfss74k4k22,发票内容包括,,2024-08-26 09:27:46
392,4052239376174684224,图片,1,wxid_q454azbavsa321,wxid_h62bfss74k4k22,图片,FileStorage\MsgAttach\431b0d1c5a9235f2de1c5aa7431d28c4\Image\2024-08\a655fe50d50fc7dc44fca9f0dd01741f.dat,2024-08-26 09:27:50
393,5896508636038183746,文本,1,wxid_q454azbavsa321,wxid_h62bfss74k4k22,这个要写食品？,,2024-08-26 09:27:57
394,1585435962720722293,文本,0,wxid_h62bfss74k4k22,wxid_h62bfss74k4k22,商品明细就好,,2024-08-26 09:27:58
395,2777998139341465466,文本,1,wxid_q454azbavsa321,wxid_h62bfss74k4k22,好的,,2024-08-26 09:29:47
396,5131904048204230688,文本,0,wxid_h62bfss74k4k22,wxid_h62bfss74k4k22,名单别急着往上报，我这边有几个同学需要加进去,,2024-08-26 17:03:07
397,5111735339673911060,文本,0,wxid_h62bfss74k4k22,wxid_h62bfss74k4k22,团委的和设计小孩,,2024-08-26 17:03:12
398,5270564903131530125,文本,1,wxid_q454azbavsa321,wxid_h62bfss74k4k22,没报,,2024-08-26 17:03:14
399,4547216100734612598,文本,1,wxid_q454azbavsa321,wxid_h62bfss74k4k22,我这个是签到的,,2024-08-26 17:03:21
400,4733349928512420488,文本,1,wxid_q454azbavsa321,wxid_h62bfss74k4k22,让大家看一下,,2024-08-26 17:03:25
401,4934040121935321935,文本,0,wxid_h62bfss74k4k22,wxid_h62bfss74k4k22,ok,,2024-08-26 17:04:36
402,5658425694584966057,文本,0,wxid_h62bfss74k4k22,wxid_h62bfss74k4k22,"时长有问题：
    李锦山 22下午（缺少）
    袁钰涛 22下午（缺少）
    徐洋 2022211323 22下午+23
    刘意琛 2022211441 22下午+23
    夏童川 2023211329 23上午+23下午
    罗俊文 2023211092 23上午
    菅佳玥 2022211561 23上午+23下午
    龙景和 2022211024 22下午
缺学号：
    李嘉欣 2023211466
    尼晓彤 2023211347",,2024-08-29 10:20:41
403,249848469833572228,动画表情,1,wxid_q454azbavsa321,wxid_h62bfss74k4k22,表情,http://wxapp.tc.qq.com/262/20304/stodownload?m=b279f3612337f6116d365c36ee48925e&filekey=30350201010421301f02020106040253480410b279f3612337f6116d365c36ee48925e020300ff80040d00000004627466730000000132&hy=SH&storeid=2631c6d77000cc2f5000000000000010600004f50534804dc596096f88cb4b&bizid=1023,2024-08-29 10:21:04
404,5725177547711517410,文本,0,wxid_h62bfss74k4k22,wxid_h62bfss74k4k22,还有一些,,2024-08-29 10:21:09
405,2041544118871238754,引用回复,1,wxid_q454azbavsa321,wxid_h62bfss74k4k22,"这个的呢

[引用](2024-08-26 17:03:12)孟浩洋:团委的和设计小孩",,2024-08-29 10:21:17
406,8629217826460211282,动画表情,1,wxid_q454azbavsa321,wxid_h62bfss74k4k22,表情,http://wxapp.tc.qq.com/275/20304/stodownload?m=a0d4cdd809a84e386d8b2b540da20ee1&filekey=30350201010421301f02020113040253480410a0d4cdd809a84e386d8b2b540da20ee102030204e4040d00000004627466730000000132&hy=SH&storeid=26479c49e000eb666000000000000011300004f5053481ff6db40b6ffcb143&bizid=1023,2024-08-29 10:21:19
407,8211463863723364328,文本,0,wxid_h62bfss74k4k22,wxid_h62bfss74k4k22,正在整,,2024-08-29 10:21:24
408,5612844580469922321,文本,0,wxid_h62bfss74k4k22,wxid_h62bfss74k4k22,"杨谟嘉 2022212982 
胡雪非 2022211475
王馨海 2022211504
各加4h吧",,2024-08-29 10:24:46
409,6578621703671284008,文本,0,wxid_h62bfss74k4k22,wxid_h62bfss74k4k22,以及申报的时长够吗，够的话我给几个新上岗行保录一点,,2024-08-29 10:25:24
410,2730851889885322537,文本,1,wxid_q454azbavsa321,wxid_h62bfss74k4k22,够的,,2024-08-29 10:25:59
411,170196681683201204,文本,1,wxid_q454azbavsa321,wxid_h62bfss74k4k22,我还没有上报呢,,2024-08-29 10:26:05
412,518822339824961578,文本,1,wxid_q454azbavsa321,wxid_h62bfss74k4k22,我可以再加,,2024-08-29 10:26:15
413,251258888529117251,动画表情,1,wxid_q454azbavsa321,wxid_h62bfss74k4k22,表情,http://wxapp.tc.qq.com/275/20304/stodownload?m=a0d4cdd809a84e386d8b2b540da20ee1&filekey=30350201010421301f02020113040253480410a0d4cdd809a84e386d8b2b540da20ee102030204e4040d00000004627466730000000132&hy=SH&storeid=26479c49e000eb666000000000000011300004f5053481ff6db40b6ffcb143&bizid=1023,2024-08-29 10:26:16
414,850341585505479352,文件,1,wxid_q454azbavsa321,wxid_h62bfss74k4k22,文件,FileStorage\File\2024-08\新建 XLSX 工作表(3).xlsx,2024-08-29 10:39:51
415,2219917335747859165,文本,0,wxid_h62bfss74k4k22,wxid_h62bfss74k4k22,"姓名：刘洋
学号：2021211402
联系方式：18511072178",,2024-08-29 11:49:06
416,8627575130069850691,文本,0,wxid_h62bfss74k4k22,wxid_h62bfss74k4k22,吕炜杰 2021211521 19331711678,,2024-08-29 11:49:08
417,2719291020458590864,文本,0,wxid_h62bfss74k4k22,wxid_h62bfss74k4k22,8h,,2024-08-29 11:49:10
418,4850710257845581045,文本,1,wxid_q454azbavsa321,wxid_h62bfss74k4k22,没有了吧？,,2024-08-29 13:07:42
419,2709616783135879267,文本,0,wxid_h62bfss74k4k22,wxid_h62bfss74k4k22,还有四个行保,,2024-08-29 13:07:54
420,1174186619852960619,文本,0,wxid_h62bfss74k4k22,wxid_h62bfss74k4k22,稍等我加一下,,2024-08-29 13:07:58
421,8292902940100277702,动画表情,1,wxid_q454azbavsa321,wxid_h62bfss74k4k22,"<msg><emoji fromusername = ""wxid_q454azbavsa321"" tousername = ""wxid_h62bfss74k4k22"" type=""2"" androidmd5=""818925BE33D010A9FBE1C301B3BB9678"" androidlen=""91547"" productid=""com.tencent.xin.emoticon.person.stiker_1470932745212b0e97ef39f298""></emoji></msg>",,2024-08-29 13:08:02
422,1791877876455549446,文本,0,wxid_h62bfss74k4k22,wxid_h62bfss74k4k22,"孟浩洋 2024118009 16692120732 4h
刘宇璇 2024148006 13998242622 4h
齐雨婷 2024148004 18835428614 4h
郭宗翰 2024118005 13436474060 4h",,2024-08-29 13:15:36
423,5159748737664321811,文本,1,wxid_q454azbavsa321,wxid_h62bfss74k4k22,OK那我就报上去了,,2024-08-29 13:37:41
424,5211931758201943588,文本,0,wxid_h62bfss74k4k22,wxid_h62bfss74k4k22,get,,2024-08-29 13:38:10
425,2906941775238219320,文件,1,wxid_q454azbavsa321,wxid_h62bfss74k4k22,文件,FileStorage\File\2024-09\011002200311_47808498.pdf,2024-09-02 11:49:24
426,3443206520833018550,文件,1,wxid_q454azbavsa321,wxid_h62bfss74k4k22,文件,FileStorage\File\2024-09\011002200311_47808499.pdf,2024-09-02 11:49:31
427,3222856985915463203,文本,1,wxid_q454azbavsa321,wxid_h62bfss74k4k22,这是我的发票昨天刚回学校,,2024-09-02 11:49:45
428,3818706781339727198,文本,1,wxid_q454azbavsa321,wxid_h62bfss74k4k22,想着开个发票,,2024-09-02 11:49:50
429,676914037315348226,动画表情,1,wxid_q454azbavsa321,wxid_h62bfss74k4k22,表情,FileStorage\CustomEmotion\44\447B5EF0516E581B0D47D89FD0C19758,2024-09-03 08:31:47
430,8997699747176157502,文本,0,wxid_h62bfss74k4k22,wxid_h62bfss74k4k22,是你垫付的是吗,,2024-09-03 08:37:46
431,5277501983876505214,文本,1,wxid_q454azbavsa321,wxid_h62bfss74k4k22,嗯,,2024-09-03 08:44:05
432,885279725432835940,动画表情,1,wxid_q454azbavsa321,wxid_h62bfss74k4k22,表情,http://mmbiz.qpic.cn/mmemoticon/PiajxSqBRaELNia0FVvdepibX7OvbYaBOfIdNyribibVvlATTG1UzHTOWQayIwLiaX0FSU/0,2024-09-03 08:44:07
433,7507138150235632999,文本,0,wxid_h62bfss74k4k22,wxid_h62bfss74k4k22,你把姓名 学号发给我,,2024-09-03 08:58:05
434,5858311500465745915,文本,0,wxid_h62bfss74k4k22,wxid_h62bfss74k4k22,报销报到你账上,,2024-09-03 08:58:17
435,702448817900084827,文本,1,wxid_q454azbavsa321,wxid_h62bfss74k4k22,张宏哲 2023211383,,2024-09-03 08:58:26
436,2492901483076681062,文本,0,wxid_h62bfss74k4k22,wxid_h62bfss74k4k22,宏哲，最近有没有还没录入时长的项目,,2024-09-25 16:16:47
437,4412973882492617126,文本,1,wxid_q454azbavsa321,wxid_h62bfss74k4k22,没,,2024-09-25 16:17:03
438,2060585952433840628,文本,1,wxid_q454azbavsa321,wxid_h62bfss74k4k22,在等就是秋之韵了,,2024-09-25 16:17:16
439,7331960488527149693,文本,0,wxid_h62bfss74k4k22,wxid_h62bfss74k4k22,我这边毕业晚会有个同学估计是漏掉了，想给她补录四个小时的时长,,2024-09-25 16:17:23
440,2914151890800085383,文本,0,wxid_h62bfss74k4k22,wxid_h62bfss74k4k22,这么久？,,2024-09-25 16:17:40
441,8620071569287917560,文本,0,wxid_h62bfss74k4k22,wxid_h62bfss74k4k22,这之间都没有实践项目了吗,,2024-09-25 16:17:49
442,242609869458060959,文本,1,wxid_q454azbavsa321,wxid_h62bfss74k4k22,啊刚好还有一个没有结项的,,2024-09-25 16:19:00
443,7546295084824776770,文本,1,wxid_q454azbavsa321,wxid_h62bfss74k4k22,姓名学号,,2024-09-25 16:19:06
444,3164258930070536591,动画表情,1,wxid_q454azbavsa321,wxid_h62bfss74k4k22,"<msg><emoji fromusername = ""wxid_q454azbavsa321"" tousername = ""wxid_h62bfss74k4k22"" type=""2"" androidmd5=""A0D4CDD809A84E386D8B2B540DA20EE1"" androidlen=""132324"" productid=""com.tencent.xin.emoticon.person.stiker_166779325165c7b309ac0589ca""></emoji></msg>",,2024-09-25 16:19:10
445,7220857147239418189,文本,1,wxid_q454azbavsa321,wxid_h62bfss74k4k22,我这个报销怎么说,,2024-09-25 16:20:35
446,1237204140697293294,动画表情,1,wxid_q454azbavsa321,wxid_h62bfss74k4k22,"<msg><emoji fromusername = ""wxid_q454azbavsa321"" tousername = ""wxid_h62bfss74k4k22"" type=""2"" androidmd5=""A0D4CDD809A84E386D8B2B540DA20EE1"" androidlen=""132324"" productid=""com.tencent.xin.emoticon.person.stiker_166779325165c7b309ac0589ca""></emoji></msg>",,2024-09-25 16:20:38
447,267775970729705471,文本,0,wxid_h62bfss74k4k22,wxid_h62bfss74k4k22,"学号：2022211560
姓名：汪鑫雨
手机：15201378873
时长：6h",,2024-09-25 16:21:58
448,2803104061963581030,文本,0,wxid_h62bfss74k4k22,wxid_h62bfss74k4k22,报销我们在走流程了,,2024-09-25 16:22:04
449,976197561355773156,动画表情,1,wxid_q454azbavsa321,wxid_h62bfss74k4k22,"<msg><emoji fromusername = ""wxid_q454azbavsa321"" tousername = ""wxid_h62bfss74k4k22"" type=""2"" androidmd5=""A0D4CDD809A84E386D8B2B540DA20EE1"" androidlen=""132324"" productid=""com.tencent.xin.emoticon.person.stiker_166779325165c7b309ac0589ca""></emoji></msg>",,2024-09-25 16:22:19
450,1783103216481516610,文本,1,wxid_q454azbavsa321,wxid_h62bfss74k4k22,哦好的,,2024-09-25 16:22:21
451,7517605507342396351,文本,0,wxid_h62bfss74k4k22,wxid_h62bfss74k4k22,你要是实在缺钱了跟我说 不行我先给你，到时候报到我长上,,2024-09-25 16:24:12
452,6940511539929455559,文本,1,wxid_q454azbavsa321,wxid_h62bfss74k4k22,到也不用我有钱啦,,2024-09-25 16:24:29
453,1932162683006817624,文本,1,wxid_q454azbavsa321,wxid_h62bfss74k4k22,而且月末了，,,2024-09-25 16:24:52
454,3008132282906825002,文本,1,wxid_q454azbavsa321,wxid_h62bfss74k4k22,能撑到下个月的,,2024-09-25 16:24:57
455,5227781185851854693,动画表情,1,wxid_q454azbavsa321,wxid_h62bfss74k4k22,表情,http://wxapp.tc.qq.com/275/20304/stodownload?m=b058774411913b0a4a5ad044cb01496b&filekey=30350201010421301f02020113040253480410b058774411913b0a4a5ad044cb01496b020300bf44040d00000004627466730000000132&hy=SH&storeid=26479c4900000a489000000000000011300004f505348191268e0b6864f1a8&bizid=1023,2024-09-25 16:24:59
456,366742484259743472,文本,1,wxid_q454azbavsa321,wxid_h62bfss74k4k22,嘶,,2024-09-25 17:17:03
457,2722874066330686216,语音,1,wxid_q454azbavsa321,wxid_h62bfss74k4k22,"语音时长：10.39秒
翻译结果：老师，报销这个的话，是不是要得报销到工行的卡上啊，我还真没有工行的银行卡，然后我开学的时候并没有绑定这个工行的卡。",wxid_h62bfss74k4k22\2024-09-25_17-17-16_1_2722874066330686216.wav,2024-09-25 17:17:16
458,900893931272073529,语音,1,wxid_q454azbavsa321,wxid_h62bfss74k4k22,"语音时长：13.78秒
翻译结果：刚才郭老师给我打电话，说那个研究生迎新那个报销的那个钱得打到我工行的卡上，但我没有工行的一类卡，所以说没有办法老师，要不然就是老师你把钱转我，然后报销报到你的账上。",wxid_h62bfss74k4k22\2024-09-25_17-17-51_1_900893931272073529.wav,2024-09-25 17:17:51
459,5078342699728107165,动画表情,1,wxid_q454azbavsa321,wxid_h62bfss74k4k22,表情,http://wxapp.tc.qq.com/275/20304/stodownload?m=ce64a88abfb7fa08166de4b5f62a8f99&filekey=30350201010421301f02020113040253480410ce64a88abfb7fa08166de4b5f62a8f99020301773f040d00000004627466730000000132&hy=SH&storeid=26479c4b5000b5885000000000000011300004f5053482e96cb40b7080c571&bizid=1023,2024-09-25 17:17:52
460,1018717329215764692,语音,0,wxid_h62bfss74k4k22,wxid_h62bfss74k4k22,"语音时长：10.92秒
翻译结果：你的财务系统里没有绑定过工行卡吗？当时开学的时候都让大家办了一张工行的一类卡呀，让大家绑定到财务系统了的。",wxid_h62bfss74k4k22\2024-09-25_17-19-35_0_1018717329215764692.wav,2024-09-25 17:19:35
461,4580304942714567973,语音,1,wxid_q454azbavsa321,wxid_h62bfss74k4k22,"语音时长：8.77秒
翻译结果：哦，当时开学的时候，我身份证丢了，就没有去开户，然后那个没有激活它，然后手里确实只有一张银行卡。",wxid_h62bfss74k4k22\2024-09-25_17-20-18_1_4580304942714567973.wav,2024-09-25 17:20:18
462,5539327884259256244,语音,0,wxid_h62bfss74k4k22,wxid_h62bfss74k4k22,"语音时长：7.36秒
翻译结果：你尽快拿着手里的那张卡，然后到北邮附近的任何一个工行的网点去激活，带着身份证。",wxid_h62bfss74k4k22\2024-09-25_17-20-59_0_5539327884259256244.wav,2024-09-25 17:20:59
463,2662883214377983478,语音,1,wxid_q454azbavsa321,wxid_h62bfss74k4k22,"语音时长：9.01秒
翻译结果：我要去激活的话，我还得去最近的那个银行，银行里边去办理业务就有点儿麻烦了。",wxid_h62bfss74k4k22\2024-09-25_17-21-02_1_2662883214377983478.wav,2024-09-25 17:21:02
464,7726352526030283489,语音,0,wxid_h62bfss74k4k22,wxid_h62bfss74k4k22,"语音时长：10.57秒
翻译结果：你后面早晚就用到这张卡的，你不管之后是报销，还是说这个代付，或者说别的，包括你之后收补助什么的，都会用到这张卡。",wxid_h62bfss74k4k22\2024-09-25_17-21-11_0_7726352526030283489.wav,2024-09-25 17:21:11
465,5756709415193073209,语音,0,wxid_h62bfss74k4k22,wxid_h62bfss74k4k22,"语音时长：4.54秒
翻译结果：开卡很快的，半天都用不了，你就抓紧时间把卡开了，以后总会用的到的。",wxid_h62bfss74k4k22\2024-09-25_17-21-27_0_5756709415193073209.wav,2024-09-25 17:21:27
466,4313605290081242397,语音,1,wxid_q454azbavsa321,wxid_h62bfss74k4k22,"语音时长：17.55秒
翻译结果：那我就可能得到国庆后了，因为我今天肯定不行了，然后明天后天，包括这周六上周一的课，我全都是课，上午下午都有课，然后11他们那几天肯定都有公休什么的，我就可能直接得。得等到那个11之后了。",wxid_h62bfss74k4k22\2024-09-25_17-22-43_1_4313605290081242397.wav,2024-09-25 17:22:43
467,8960723627282253403,语音,0,wxid_h62bfss74k4k22,wxid_h62bfss74k4k22,"语音时长：7.43秒
翻译结果：没事儿，我们国庆前流程也不一定走的完，你就国庆或者国庆期间找个网点去把卡开了就行。",wxid_h62bfss74k4k22\2024-09-25_17-23-02_0_8960723627282253403.wav,2024-09-25 17:23:02
468,7630915180187331965,语音,0,wxid_h62bfss74k4k22,wxid_h62bfss74k4k22,"语音时长：7.21秒
翻译结果：开完之后及时上财务系统，它上面有一个工资卡的维护的一个入口，你把那个卡号输上去就行。",wxid_h62bfss74k4k22\2024-09-25_17-23-13_0_7630915180187331965.wav,2024-09-25 17:23:13
469,5064574549501206851,语音,0,wxid_h62bfss74k4k22,wxid_h62bfss74k4k22,"语音时长：9.60秒
翻译结果：你什么时候弄好了，你跟我说一声，如果要是我们这边报销材料做完了，还没弄好，我就跟老师说，先把报销改到我这儿，我把钱到时儿打你。",wxid_h62bfss74k4k22\2024-09-25_17-23-29_0_5064574549501206851.wav,2024-09-25 17:23:29
470,2040893594003570661,语音,0,wxid_h62bfss74k4k22,wxid_h62bfss74k4k22,"语音时长：11.50秒
翻译结果：倒也没事儿，因为如果要是你的卡没绑的话，到时候给你打钱的时候失败，财务系统财务老师会过来问我们的，我们到时候还会再催，所以你就尽快的搞就行了。",wxid_h62bfss74k4k22\2024-09-25_17-23-52_0_2040893594003570661.wav,2024-09-25 17:23:52
471,756529490043062917,文本,1,wxid_q454azbavsa321,wxid_h62bfss74k4k22,嗯好的,,2024-09-25 17:24:21
472,6339333798298681287,文本,0,wxid_h62bfss74k4k22,wxid_h62bfss74k4k22,宏哲，有个上学期期末的毕业纪念品分装的志愿活动，你这里能查到录入记录吗,,2024-10-22 16:41:27
473,4770634418701523088,文本,0,wxid_h62bfss74k4k22,wxid_h62bfss74k4k22,我这边有个学长说他一直没收到,,2024-10-22 16:41:38
474,891067900692275587,文本,1,wxid_q454azbavsa321,wxid_h62bfss74k4k22,可以的,,2024-10-22 16:41:49
475,5751486445934853031,文本,1,wxid_q454azbavsa321,wxid_h62bfss74k4k22,实在不行,,2024-10-22 16:41:55
476,4416664166368749150,图片,0,wxid_h62bfss74k4k22,wxid_h62bfss74k4k22,图片,FileStorage\MsgAttach\431b0d1c5a9235f2de1c5aa7431d28c4\Image\2024-10\53ef3f821190bd3f432eb504ca11b719.dat,2024-10-22 16:42:00
477,5378638396531420527,文本,1,wxid_q454azbavsa321,wxid_h62bfss74k4k22,补一个也好,,2024-10-22 16:42:07
478,8816475560701698947,文本,0,wxid_h62bfss74k4k22,wxid_h62bfss74k4k22,先查一下看看吧,,2024-10-22 16:42:14
479,5766746550756778345,文本,1,wxid_q454azbavsa321,wxid_h62bfss74k4k22,嗯,,2024-10-22 16:42:18
480,5427647557684178478,文本,0,wxid_h62bfss74k4k22,wxid_h62bfss74k4k22,这是当时的立项表、,,2024-10-22 16:42:36
481,3243706997492154983,图片,0,wxid_h62bfss74k4k22,wxid_h62bfss74k4k22,图片,FileStorage\MsgAttach\431b0d1c5a9235f2de1c5aa7431d28c4\Image\2024-10\cfca9f3eeb221ff4b7e91f4f1e532c5e.dat,2024-10-22 16:43:29
482,5504902714765637618,文本,1,wxid_q454azbavsa321,wxid_h62bfss74k4k22,好,,2024-10-22 16:43:48
483,3758814030247564232,文本,1,wxid_q454azbavsa321,wxid_h62bfss74k4k22,老师抱歉有点忙了,,2024-10-22 21:52:19
484,603375037829944251,文本,1,wxid_q454azbavsa321,wxid_h62bfss74k4k22,确实没有他,,2024-10-22 21:52:24
485,1230510586666343503,文本,0,wxid_h62bfss74k4k22,wxid_h62bfss74k4k22,没事，理解,,2024-10-22 21:52:36
486,1417474482864171871,文本,1,wxid_q454azbavsa321,wxid_h62bfss74k4k22,当时可能是他们录错了,,2024-10-22 21:52:41
487,5664128936321162572,文本,0,wxid_h62bfss74k4k22,wxid_h62bfss74k4k22,那能给他补录不,,2024-10-22 21:52:49
488,5721307866499840799,文本,1,wxid_q454azbavsa321,wxid_h62bfss74k4k22,当时那个志愿不行了,,2024-10-22 21:53:15
489,4986432587959466358,文本,1,wxid_q454azbavsa321,wxid_h62bfss74k4k22,最近的志愿可以嘛？,,2024-10-22 21:53:33
490,5754570436935987062,文本,0,wxid_h62bfss74k4k22,wxid_h62bfss74k4k22,下一次录入的给他补上这7h吧,,2024-10-22 21:53:45
491,4597560214977735261,文本,1,wxid_q454azbavsa321,wxid_h62bfss74k4k22,okok,,2024-10-22 21:53:54
492,8691819946438273691,文本,1,wxid_q454azbavsa321,wxid_h62bfss74k4k22,时长不会少的,,2024-10-22 21:54:11
493,2090078904134578653,文本,0,wxid_h62bfss74k4k22,wxid_h62bfss74k4k22,okk，辛苦啦,,2024-10-22 21:54:33
494,7344183137455223187,文本,0,wxid_h62bfss74k4k22,wxid_h62bfss74k4k22,哦对，报销那笔钱因为你没绑卡，所以做账先做到我这里了，等钱到了我打给你,,2024-10-22 21:55:00
495,4646790067631496112,语音,1,wxid_q454azbavsa321,wxid_h62bfss74k4k22,"语音时长：14.17秒
翻译结果：嗯，好的，好的。我属实是没有想到这个大二上的这么忙，主要是这两周周周就是我有时间的时候，那个银行就已经关门儿了。我就想说明天周三，我赶紧录。我主要是这两周三我都有。",wxid_h62bfss74k4k22\2024-10-22_21-56-04_1_4646790067631496112.wav,2024-10-22 21:56:04
496,9220379376785844615,动画表情,0,wxid_h62bfss74k4k22,wxid_h62bfss74k4k22,表情,http://vweixinf.tc.qq.com/110/20401/stodownload?m=f7303dd793c93eadd9aff19d104138a4&filekey=30440201010430302e02016e0402535a0420663733303364643739336339336561646439616666313964313034313338613402030508c6040d00000004627466730000000132&hy=SZ&storeid=2660e519f00009a131f99230e0000006e01004fb1535a25469bc1e686dfb39&ef=1&bizid=1022,2024-10-22 21:56:16
497,4501180868449672241,文本,0,wxid_h62bfss74k4k22,wxid_h62bfss74k4k22,没事没事,,2024-10-22 21:56:21
498,871960253780489041,引用回复,0,wxid_h62bfss74k4k22,wxid_h62bfss74k4k22,"宏哲，这个上次跟着录进去了吗

[引用](2024-09-25 16:21:58)孟浩洋:学号：2022211560
姓名：汪鑫雨
手机：15201378873
时长：6h",,2024-10-23 21:40:52
499,4314628413427622825,文本,0,wxid_h62bfss74k4k22,wxid_h62bfss74k4k22,她跟我说还是没收到,,2024-10-23 21:40:58
500,2819553909748423474,语音,1,wxid_q454azbavsa321,wxid_h62bfss74k4k22,"语音时长：5.85秒
翻译结果：没有呢，老师，他那个后边还有一个十个小时的，加起来一共是16个小时的记录呢。",wxid_h62bfss74k4k22\2024-10-23_21-41-21_1_2819553909748423474.wav,2024-10-23 21:41:21
501,5245224145298646020,语音,1,wxid_q454azbavsa321,wxid_h62bfss74k4k22,"语音时长：8.75秒
翻译结果：然后，这16个小时的话，我不可能给他一次性录进去，太大了。然后，我就想着说，分多次给他录进四个项目里边。",wxid_h62bfss74k4k22\2024-10-23_21-41-31_1_5245224145298646020.wav,2024-10-23 21:41:31
502,5491635188105091486,语音,1,wxid_q454azbavsa321,wxid_h62bfss74k4k22,"语音时长：5.18秒
翻译结果：他很着急吗？如果着急的话，我待会儿回去就给他全都录进去。",wxid_h62bfss74k4k22\2024-10-23_21-41-48_1_5491635188105091486.wav,2024-10-23 21:41:48
503,2395869076993803772,动画表情,1,wxid_q454azbavsa321,wxid_h62bfss74k4k22,表情,http://wxapp.tc.qq.com/262/20304/stodownload?m=594e07dab149fb0c51c230fadde6170c&filekey=30350201010421301f02020106040253480410594e07dab149fb0c51c230fadde6170c02030121e3040d00000004627466730000000132&hy=SH&storeid=264baa4620002303176f1117c0000010600004f5053482b260b01e135f4a23&bizid=1023,2024-10-23 21:42:03
504,3155409592846217512,文本,1,wxid_q454azbavsa321,wxid_h62bfss74k4k22,我回去就录入吧,,2024-10-23 21:42:24
505,3035965890103756393,文本,1,wxid_q454azbavsa321,wxid_h62bfss74k4k22,今天12点前,,2024-10-23 21:42:39
506,5494572378840575816,文本,0,wxid_h62bfss74k4k22,wxid_h62bfss74k4k22,分两次吧，四次感觉有点多了，拖太久了主要是,,2024-10-23 21:42:41
507,3672141676084148073,文本,1,wxid_q454azbavsa321,wxid_h62bfss74k4k22,保录入的,,2024-10-23 21:42:47
508,6126436329208763409,文本,0,wxid_h62bfss74k4k22,wxid_h62bfss74k4k22,okok，看你,,2024-10-23 21:42:47
509,8797001552300339971,动画表情,1,wxid_q454azbavsa321,wxid_h62bfss74k4k22,表情,http://wxapp.tc.qq.com/262/20304/stodownload?m=c780c5a4354ca4e73bfd01e9055a1eae&filekey=30350201010421301f02020106040253480410c780c5a4354ca4e73bfd01e9055a1eae0203016de7040d00000004627466730000000132&hy=SH&storeid=2631ed840000e02cc000000000000010600004f5053481ccc596097595ad85&bizid=1023,2024-10-23 21:42:52
510,6618519508537709692,文本,0,wxid_h62bfss74k4k22,wxid_h62bfss74k4k22,麻烦啦,,2024-10-23 21:43:11
511,8560025738792859133,语音,1,wxid_q454azbavsa321,wxid_h62bfss74k4k22,"语音时长：17.48秒
翻译结果：那个校友会的志愿里边有一共有他十四个四个小时的时长，然后之前也之前又给他加了10个小时的时长。然后在统前志愿里边有6个小时他自己的时长，然后在另一个志愿里边有他两个小时的时长。所以现在的总时长应该是22个小时。你看他对不对吧。",wxid_h62bfss74k4k22\2024-10-23_23-14-49_1_8560025738792859133.wav,2024-10-23 23:14:49
512,5406822900813949856,文本,0,wxid_h62bfss74k4k22,wxid_h62bfss74k4k22,毕晚的是放在哪里加了啊,,2024-10-23 23:18:55
513,6852503635952636704,图片,1,wxid_q454azbavsa321,wxid_h62bfss74k4k22,图片,FileStorage\MsgAttach\431b0d1c5a9235f2de1c5aa7431d28c4\Image\2024-10\7d7efa57264349a3469c54a2a8215ae6.dat,2024-10-23 23:19:20
514,6044382219743043881,文本,1,wxid_q454azbavsa321,wxid_h62bfss74k4k22,桶前值守,,2024-10-23 23:19:24
515,2707731198006896928,文本,0,wxid_h62bfss74k4k22,wxid_h62bfss74k4k22,get，我让她确认一下,,2024-10-23 23:19:49
516,6411167791372303646,文本,0,wxid_h62bfss74k4k22,wxid_h62bfss74k4k22,辛苦啦,,2024-10-23 23:19:51
517,5623256464753287727,文本,1,wxid_q454azbavsa321,wxid_h62bfss74k4k22,她？,,2024-10-23 23:20:17
518,4849106043261848913,文本,1,wxid_q454azbavsa321,wxid_h62bfss74k4k22,还是他？,,2024-10-23 23:20:20
519,421923212731928582,文本,1,wxid_q454azbavsa321,wxid_h62bfss74k4k22,因为这个是男孩子我看的是,,2024-10-23 23:20:34
520,7344951905969892889,文本,0,wxid_h62bfss74k4k22,wxid_h62bfss74k4k22,不不不,,2024-10-23 23:20:39
521,9097042385443358765,文本,0,wxid_h62bfss74k4k22,wxid_h62bfss74k4k22,"学号：2022211560
姓名：汪鑫雨
手机：15201378873
时长：6h",,2024-10-23 23:20:43
522,8763660181851953789,文本,0,wxid_h62bfss74k4k22,wxid_h62bfss74k4k22,这是再之前的,,2024-10-23 23:20:47
523,1673235191817931006,文本,0,wxid_h62bfss74k4k22,wxid_h62bfss74k4k22,也少了的,,2024-10-23 23:20:50
524,4288029560357452798,文本,0,wxid_h62bfss74k4k22,wxid_h62bfss74k4k22,她说还没录入,,2024-10-23 23:20:54
525,4940940842668541624,系统通知,1,wxid_q454azbavsa321,wxid_h62bfss74k4k22,"<revokemsg><![CDATA[你撤回了一条消息 <a href=""weixin://revoke_edit_click"">重新编辑</a>]]></revokemsg>",,2024-10-23 23:21:44
526,2816552040845285813,文本,1,wxid_q454azbavsa321,wxid_h62bfss74k4k22,也给他加到桶前里面吧,,2024-10-23 23:22:09
527,1318630533816220440,文本,0,wxid_h62bfss74k4k22,wxid_h62bfss74k4k22,okok,,2024-10-23 23:22:20
528,5399086208820941996,转账,0,wxid_h62bfss74k4k22,wxid_h62bfss74k4k22,"转账：￥800.00
转账说明：
转账时间：2024-11-06 14:59:03
",,2024-11-06 14:59:03
529,8307221482195487069,文本,0,wxid_h62bfss74k4k22,wxid_h62bfss74k4k22,报销下来啦,,2024-11-06 14:59:09
530,6370396652816624600,文本,1,wxid_q454azbavsa321,wxid_h62bfss74k4k22,好嘟,,2024-11-06 14:59:58
531,8211593636521597673,动画表情,1,wxid_q454azbavsa321,wxid_h62bfss74k4k22,表情,http://vweixinf.tc.qq.com/110/20401/stodownload?m=2382833ab8e0e36a09351b8a2ff48e04&filekey=30440201010430302e02016e0402535a042032333832383333616238653065333661303933353162386132666634386530340203008aca040d00000004627466730000000132&hy=SZ&storeid=266c5275b0005f47371f406370000006e01004fb1535a19b6fbc1e67c5f7c2&ef=1&bizid=1022,2024-11-06 15:00:00
532,2661984172337884115,动画表情,1,wxid_q454azbavsa321,wxid_h62bfss74k4k22,表情,http://wxapp.tc.qq.com/262/20304/stodownload?m=afc1d6eb4ccf1aec900cc39a5f8aed38&filekey=30350201010421301f02020106040253480410afc1d6eb4ccf1aec900cc39a5f8aed38020300cf1c040d00000004627466730000000132&hy=SH&storeid=2631c25cc0005d770000000000000010600004f505348279d2a00b6f77e067&bizid=1023,2024-11-06 15:00:03
533,2501159658988323007,转账,1,wxid_q454azbavsa321,wxid_h62bfss74k4k22,"已收款：￥800.00
转账说明：
转账时间：2024-11-06 14:59:03
",,2024-11-06 15:00:10
534,7706934929383393290,文本,1,wxid_q454azbavsa321,wxid_h62bfss74k4k22,老师我想问一下我们举办的星火志协的一年后的一封信的活动里面信的话能不能放在沙河的导员办公室里面，应该是一个幼童和一堆没有用完的东西,,2024-12-07 22:44:14
535,5702459340967182021,文本,1,wxid_q454azbavsa321,wxid_h62bfss74k4k22,啊是邮筒没有幼童不用报警,,2024-12-07 22:44:42
536,8265469949821090355,动画表情,1,wxid_q454azbavsa321,wxid_h62bfss74k4k22,表情,FileStorage\CustomEmotion\3E\3E4D2D214B7DB7FF3B5818EBA3D66A14,2024-12-07 22:44:56
537,6524620353766254392,图片,0,wxid_h62bfss74k4k22,wxid_h62bfss74k4k22,图片,FileStorage\MsgAttach\431b0d1c5a9235f2de1c5aa7431d28c4\Image\2024-12\a2f899a0b80b0e11d61159119a52181e.dat,2024-12-19 12:51:30
538,7791193303383818056,文本,1,wxid_q454azbavsa321,wxid_h62bfss74k4k22,我录入了？？？,,2024-12-19 12:51:51
539,4356640963734728856,文本,1,wxid_q454azbavsa321,wxid_h62bfss74k4k22,上上个月的事情了,,2024-12-19 12:52:06
540,7166702910304454218,动画表情,1,wxid_q454azbavsa321,wxid_h62bfss74k4k22,表情,http://wxapp.tc.qq.com/262/20304/stodownload?m=057765f81c56919157b9ee681203d96c&filekey=30340201010420301e02020106040253480410057765f81c56919157b9ee681203d96c020223ee040d00000004627466730000000131&hy=SH&storeid=32303232303831373033313230323030303461666266303030303030303062653564393930623030303030313036&bizid=1023,2024-12-19 12:52:08
541,7284316719680356162,文本,0,wxid_h62bfss74k4k22,wxid_h62bfss74k4k22,宏哲，你之前说鑫雨除了我们的时长之外还有10h的，她说那10h不知道是啥，也还没录进去,,2024-12-19 12:52:09
542,8292027189980814103,文本,1,wxid_q454azbavsa321,wxid_h62bfss74k4k22,不会还没有吧,,2024-12-19 12:52:19
543,4781798076609062112,动画表情,1,wxid_q454azbavsa321,wxid_h62bfss74k4k22,表情,http://mmbiz.qpic.cn/mmemoticon/Q3auHgzwzM77fkVv3h31dZ2icibfLvuxEz6AX207M8A8g7xPGf4aq5lOdCuKW02CZo/0,2024-12-19 12:52:23
544,8431224139274684897,文本,0,wxid_h62bfss74k4k22,wxid_h62bfss74k4k22,我的那6h已经进去了,,2024-12-19 12:52:25
545,1426567825086037597,文本,0,wxid_h62bfss74k4k22,wxid_h62bfss74k4k22,那10h她说还没有,,2024-12-19 12:52:30
546,4025314504145296249,文本,1,wxid_q454azbavsa321,wxid_h62bfss74k4k22,那我亲自,,2024-12-19 12:52:40
547,5082753937987138345,文本,1,wxid_q454azbavsa321,wxid_h62bfss74k4k22,吃完饭,,2024-12-19 12:52:43
548,6901734723992656872,文本,1,wxid_q454azbavsa321,wxid_h62bfss74k4k22,回去,,2024-12-19 12:52:44
549,2261885046822114251,文本,1,wxid_q454azbavsa321,wxid_h62bfss74k4k22,单录入10个小时,,2024-12-19 12:52:55
550,793600655019155922,动画表情,1,wxid_q454azbavsa321,wxid_h62bfss74k4k22,表情,http://wxapp.tc.qq.com/262/20304/stodownload?m=057765f81c56919157b9ee681203d96c&filekey=30340201010420301e02020106040253480410057765f81c56919157b9ee681203d96c020223ee040d00000004627466730000000131&hy=SH&storeid=32303232303831373033313230323030303461666266303030303030303062653564393930623030303030313036&bizid=1023,2024-12-19 12:52:57
551,4809735745994459452,文本,1,wxid_q454azbavsa321,wxid_h62bfss74k4k22,我应该都让他们录入了呀？,,2024-12-19 12:53:07
552,3409523851620399282,文本,0,wxid_h62bfss74k4k22,wxid_h62bfss74k4k22,别别 你下午先确认一下录进去没,,2024-12-19 12:53:18
553,3242744986230113278,文本,0,wxid_h62bfss74k4k22,wxid_h62bfss74k4k22,看看是什么活动的时长,,2024-12-19 12:53:23
554,3192853611182743367,文本,0,wxid_h62bfss74k4k22,wxid_h62bfss74k4k22,确定没有了再录进去,,2024-12-19 12:53:36
555,1720817847910280947,文本,1,wxid_q454azbavsa321,wxid_h62bfss74k4k22,（没事，时长一定给足，千万别少录，这是我的宗旨,,2024-12-19 12:54:02
556,9008795638617860171,动画表情,1,wxid_q454azbavsa321,wxid_h62bfss74k4k22,表情,http://wxapp.tc.qq.com/262/20304/stodownload?m=057765f81c56919157b9ee681203d96c&filekey=30340201010420301e02020106040253480410057765f81c56919157b9ee681203d96c020223ee040d00000004627466730000000131&hy=SH&storeid=32303232303831373033313230323030303461666266303030303030303062653564393930623030303030313036&bizid=1023,2024-12-19 12:54:03
557,6344663043280204441,文本,0,wxid_h62bfss74k4k22,wxid_h62bfss74k4k22,okok,,2024-12-19 12:54:07
558,7942006660226914213,文本,0,wxid_h62bfss74k4k22,wxid_h62bfss74k4k22,麻烦啦,,2024-12-19 12:54:08
559,7667782334024790378,文本,1,wxid_q454azbavsa321,wxid_h62bfss74k4k22,让他今天晚上再看看,,2024-12-19 12:54:19
560,7176501466792025029,文本,1,wxid_q454azbavsa321,wxid_h62bfss74k4k22,我会去就弄,,2024-12-19 12:54:24
561,9163103720049962021,文本,0,wxid_h62bfss74k4k22,wxid_h62bfss74k4k22,okok,,2024-12-19 12:54:36
562,2146922245597427912,文本,1,wxid_q454azbavsa321,wxid_h62bfss74k4k22,我全都放在秋之韵里面了,,2024-12-19 13:53:25
563,660360445690730441,文本,1,wxid_q454azbavsa321,wxid_h62bfss74k4k22,20个小时,,2024-12-19 13:53:27
564,7441548533595033342,文本,1,wxid_q454azbavsa321,wxid_h62bfss74k4k22,（10+10）,,2024-12-19 13:53:34
565,4683146472743031910,文本,0,wxid_h62bfss74k4k22,wxid_h62bfss74k4k22,okok,,2024-12-19 15:01:17
566,6293695493970377119,文本,0,wxid_h62bfss74k4k22,wxid_h62bfss74k4k22,麻烦啦,,2024-12-19 15:01:21
567,7808506852114231938,文本,1,wxid_q454azbavsa321,wxid_h62bfss74k4k22,老师，你可能会收到CCAI的11个小时志愿时长,,2024-12-24 16:55:22
568,6944663106268974406,动画表情,1,wxid_q454azbavsa321,wxid_h62bfss74k4k22,表情,FileStorage\CustomEmotion\53\5301B532215FDEFBCCCC055753DD355E,2024-12-24 16:55:27
569,9000563572761288284,文本,1,wxid_q454azbavsa321,wxid_h62bfss74k4k22,因为我手下的人录错了，有个重名的,,2024-12-24 16:55:39
570,3197299754124513075,文本,1,wxid_q454azbavsa321,wxid_h62bfss74k4k22,我怕疑惑，特地说一下,,2024-12-24 16:55:50
571,4022553530320925754,文本,0,wxid_h62bfss74k4k22,wxid_h62bfss74k4k22,okok,,2024-12-24 16:57:56
572,5133431242897374003,文本,0,wxid_h62bfss74k4k22,wxid_h62bfss74k4k22,这个可以删掉吗,,2024-12-24 16:58:18
573,8271070771257140631,文本,0,wxid_h62bfss74k4k22,wxid_h62bfss74k4k22,如果可以撤回的话可以给我这个撤回去,,2024-12-24 16:58:26
574,9159913386994219201,文本,1,wxid_q454azbavsa321,wxid_h62bfss74k4k22,我问问他们，不打紧的,,2024-12-24 16:58:55
575,6720431244203186001,文本,0,wxid_h62bfss74k4k22,wxid_h62bfss74k4k22,okok,,2024-12-24 17:03:33
576,8299496388240910068,文本,1,wxid_q454azbavsa321,wxid_h62bfss74k4k22,老师老师,,2025-03-29 23:07:16
577,6373691045985929563,文本,1,wxid_q454azbavsa321,wxid_h62bfss74k4k22,余响,,2025-03-29 23:11:20
578,1151696918833037185,文本,1,wxid_q454azbavsa321,wxid_h62bfss74k4k22,是咱们的学生吗,,2025-03-29 23:11:24
579,6734905381296413133,文本,1,wxid_q454azbavsa321,wxid_h62bfss74k4k22,不是的没事了老师,,2025-03-30 00:07:45
580,5078348068026985477,文本,0,wxid_h62bfss74k4k22,wxid_h62bfss74k4k22,宏哲，昨天思然姐是不是给你发了个大一的篮球赛志愿活动，有个同学的学号电话错了，还来得及改一下不,,2025-05-13 10:11:21
581,4377761535500521592,文本,1,wxid_q454azbavsa321,wxid_h62bfss74k4k22,那没事没事,,2025-05-13 10:11:42
582,570939552366103534,文本,0,wxid_h62bfss74k4k22,wxid_h62bfss74k4k22,小组赛excel，王哲 2024211385 15248108491,,2025-05-13 10:12:01
583,6350085995862871416,文本,1,wxid_q454azbavsa321,wxid_h62bfss74k4k22,没啥大问题,,2025-05-13 10:12:07
584,1714959571013736665,动画表情,1,wxid_q454azbavsa321,wxid_h62bfss74k4k22,"<msg><emoji fromusername = ""wxid_q454azbavsa321"" tousername = ""wxid_h62bfss74k4k22"" type=""2"" androidmd5=""F881611309CC0A1AA13C30BF6999BA3B"" androidlen=""57065"" productid=""com.tencent.xin.emoticon.person.stiker_16847290953fd7818eb9131e55""></emoji></msg>",,2025-05-13 10:12:09
585,6013823110207785025,文本,0,wxid_h62bfss74k4k22,wxid_h62bfss74k4k22,改成这个就行,,2025-05-13 10:12:12
586,334581812552442966,文本,0,wxid_h62bfss74k4k22,wxid_h62bfss74k4k22,然后如果有没注册的你直接跟我说就行，我去催,,2025-05-13 10:12:26
587,7123127239574420503,动画表情,1,wxid_q454azbavsa321,wxid_h62bfss74k4k22,"<msg><emoji fromusername = ""wxid_q454azbavsa321"" tousername = ""wxid_h62bfss74k4k22"" type=""2"" androidmd5=""F881611309CC0A1AA13C30BF6999BA3B"" androidlen=""57065"" productid=""com.tencent.xin.emoticon.person.stiker_16847290953fd7818eb9131e55""></emoji></msg>",,2025-05-13 10:13:01
588,8542587191898346898,文本,0,wxid_h62bfss74k4k22,wxid_h62bfss74k4k22,宏哲，之前小班篮球赛志愿者的志愿时长给录入了么,,2025-06-23 19:42:38
589,4351113324025581307,文本,1,wxid_q454azbavsa321,wxid_h62bfss74k4k22,早弄了吧？我还有印象给录入了,,2025-06-23 19:43:09
590,40864925962348442,文本,1,wxid_q454azbavsa321,wxid_h62bfss74k4k22,是不是后来有同学没加入没录上？,,2025-06-23 19:43:21
591,4643247562598128474,系统通知,1,wxid_q454azbavsa321,wxid_h62bfss74k4k22,"<revokemsg><![CDATA[你撤回了一条消息 <a href=""weixin://revoke_edit_click"">重新编辑</a>]]></revokemsg>",,2025-06-23 19:43:34
592,2232193910437383652,文本,1,wxid_q454azbavsa321,wxid_h62bfss74k4k22,我明天那考完试可以一起重新录进去,,2025-06-23 19:43:42
593,1413921073572951400,文本,0,wxid_h62bfss74k4k22,wxid_h62bfss74k4k22,可以，我先把这个同学的信息给你，你帮我看看，然后再看看有没有别的,,2025-06-23 19:45:25
594,3890418979126611178,文本,0,wxid_h62bfss74k4k22,wxid_h62bfss74k4k22,明天考完我再跟你说,,2025-06-23 19:45:33
595,7821501139181676362,动画表情,1,wxid_q454azbavsa321,wxid_h62bfss74k4k22,"<msg><emoji fromusername = ""wxid_q454azbavsa321"" tousername = ""wxid_h62bfss74k4k22"" type=""2"" androidmd5=""A149D37E09D7DDFD006D02233F0266ED"" androidlen=""50065"" productid=""com.tencent.xin.emoticon.person.stiker_16847290953fd7818eb9131e55""></emoji></msg>",,2025-06-23 19:45:40
596,3722299505962924661,文本,1,wxid_q454azbavsa321,wxid_h62bfss74k4k22,老师，学生的信息是多少？,,2025-06-27 18:54:02
597,932275302901592215,文本,1,wxid_q454azbavsa321,wxid_h62bfss74k4k22,这几天忘了,,2025-06-27 18:54:13
598,1972838341421870281,文本,0,wxid_h62bfss74k4k22,wxid_h62bfss74k4k22,啊，忘记了，我发你,,2025-06-27 18:54:20
599,2807799003335736370,文本,0,wxid_h62bfss74k4k22,wxid_h62bfss74k4k22,杜志鸣 学号2024211472 手机号18500843626,,2025-06-27 18:55:18
600,3956419491336810626,文本,1,wxid_q454azbavsa321,wxid_h62bfss74k4k22,老师加入了,,2025-06-29 14:14:33
601,3331145101894725593,文本,1,wxid_q454azbavsa321,wxid_h62bfss74k4k22,6个小时,,2025-06-29 14:14:36
602,4961736088283933436,文本,1,wxid_q454azbavsa321,wxid_h62bfss74k4k22,在篮球赛的一个志愿里面,,2025-06-29 14:14:40
603,4169217151097483433,文本,0,wxid_h62bfss74k4k22,wxid_h62bfss74k4k22,okk,,2025-06-29 14:14:42
604,7484484210118386641,文本,0,wxid_h62bfss74k4k22,wxid_h62bfss74k4k22,我让他看看,,2025-06-29 14:14:47
