{
    "wxid_q454azbavsa321": {
        "wxid": "wxid_q454azbavsa321",
        "nickname": "张宏哲",
        "remark": "",
        "account": "",
        "describe": "",
        "headImgUrl": "https://wx.qlogo.cn/mmhead/ver_1/qEuheTfnteKqtfcTF4doUQrI3ibWUr4GK2hNq3EBKXXVe7oictfWoVuUamllr8a7xpZmG6e8LTWR2EGLestt4nCB5pMs9ia4sCVGSAwxBpMGNy2LoiaozU4zVfnpWAyvw4Cib/0",
        "ExtraBuf": {
            "性别[1男2女]": 1,
            "个性签名": "",
            "国": "",
            "省": "",
            "市": "",
            "公司名称": "",
            "手机号": "",
            "企微属性": "",
            "朋友圈背景": "",
            "备注图片": "",
            "备注图片2": "",
            "0": 0,
            "1": 0,
            "2": "",
            "3": 0,
            "4": "",
            "5": 1,
            "6": 0,
            "7": "",
            "8": "",
            "9": 0,
            "10": 0,
            "11": 0,
            "12": 1,
            "13": 0,
            "14": 0,
            "15": 0,
            "16": "",
            "17": 0,
            "18": 0,
            "19": "0x0000000000000000",
            "20": "",
            "21": "",
            "22": "",
            "23": "",
            "24": "",
            "25": "\n"
        },
        "LabelIDList": [],
        "extra": null
    },
    "wxid_xowv4wt91wat22": {
        "wxid": "wxid_xowv4wt91wat22",
        "nickname": "Steady",
        "remark": "孙贺东",
        "account": "sun3154601958",
        "describe": "",
        "headImgUrl": "https://wx.qlogo.cn/mmhead/ver_1/UDCQGTl9EzMZcIvk9KoiaCec6TJnm9Em2rURa0fKytVhEXIV7GX0TIgeNUVkTh6kGzaP8viaFH0S9zcGia6TZ7RssPKMxMnYeKzcQP3I9eiar9ZmKiaVa3CgLeDU5HuKJIkb5/0",
        "ExtraBuf": {
            "性别[1男2女]": 0,
            "个性签名": "失败总是贯穿人生的始终",
            "国": "",
            "省": "",
            "市": "",
            "公司名称": "",
            "手机号": "",
            "企微属性": "",
            "朋友圈背景": "http://shmmsns.qpic.cn/mmsns/YiaNI1AcYMiaLZHLiao45By9pAAKHauG4BLffR5l2WfCR0cPoibib0AhKGIL8mMgdf2eLBe3NsOwG06c/0",
            "备注图片": "",
            "备注图片2": "",
            "0": 3,
            "1": 0,
            "2": "",
            "3": 0,
            "4": "",
            "5": 0,
            "6": 1,
            "7": "",
            "8": "",
            "9": 4294967295,
            "10": 3,
            "11": 0,
            "12": 1,
            "13": 0,
            "14": 0,
            "15": 0,
            "16": "",
            "17": 1,
            "18": 7296,
            "19": "0x5d32efccd9cc6ecb",
            "20": "",
            "21": "",
            "22": "",
            "23": "",
            "24": "",
            "25": "\n"
        },
        "LabelIDList": [],
        "extra": null
    }
}