{
    "wxid_1fjtos33vcth22": {
        "wxid": "wxid_1fjtos33vcth22",
        "nickname": "A",
        "remark": "孙磊1027\r",
        "account": "sl13934511246",
        "describe": "",
        "headImgUrl": "https://wx.qlogo.cn/mmhead/ver_1/PPfXyqzVP428k29FsJ8lk9Ts6ialMZcC87rdS66BQadiapzEXshQeWnsovYIsk9Ir7sFjO43vpPrxZwxibZOJJK3ANlz2mm9HTWTh2bRwKWc5d6yQNKibiatK3uFjq6MXygEQ/0",
        "ExtraBuf": {
            "性别[1男2女]": 1,
            "个性签名": "永远都不要提前焦虑，生活无非是见招拆招",
            "国": "ET",
            "省": "",
            "市": "",
            "公司名称": "",
            "手机号": "",
            "企微属性": "",
            "朋友圈背景": "http://shmmsns.qpic.cn/mmsns/UYoLkribxSkeHdb1WAKCfWSNeDtQcGE3jmGiblibYHbcxICHNrlwW3ndicHdkgYUtKEYGz3Aa89mwZ8/0",
            "备注图片": "",
            "备注图片2": "",
            "0": 2,
            "1": 0,
            "2": "",
            "3": 0,
            "4": "",
            "5": 1,
            "6": 14,
            "7": "",
            "8": "",
            "9": 4294967295,
            "10": 3,
            "11": 0,
            "12": 1,
            "13": 10,
            "14": 0,
            "15": 0,
            "16": "",
            "17": 1,
            "18": 6273,
            "19": "0x3f32392fa56ccbc9",
            "20": "",
            "21": "",
            "22": "",
            "23": "",
            "24": "",
            "25": "\n"
        },
        "LabelIDList": [],
        "extra": null
    },
    "wxid_q454azbavsa321": {
        "wxid": "wxid_q454azbavsa321",
        "nickname": "张宏哲",
        "remark": "",
        "account": "",
        "describe": "",
        "headImgUrl": "https://wx.qlogo.cn/mmhead/ver_1/qEuheTfnteKqtfcTF4doUQrI3ibWUr4GK2hNq3EBKXXVe7oictfWoVuUamllr8a7xpZmG6e8LTWR2EGLestt4nCB5pMs9ia4sCVGSAwxBpMGNy2LoiaozU4zVfnpWAyvw4Cib/0",
        "ExtraBuf": {
            "性别[1男2女]": 1,
            "个性签名": "",
            "国": "",
            "省": "",
            "市": "",
            "公司名称": "",
            "手机号": "",
            "企微属性": "",
            "朋友圈背景": "",
            "备注图片": "",
            "备注图片2": "",
            "0": 0,
            "1": 0,
            "2": "",
            "3": 0,
            "4": "",
            "5": 1,
            "6": 0,
            "7": "",
            "8": "",
            "9": 0,
            "10": 0,
            "11": 0,
            "12": 1,
            "13": 0,
            "14": 0,
            "15": 0,
            "16": "",
            "17": 0,
            "18": 0,
            "19": "0x0000000000000000",
            "20": "",
            "21": "",
            "22": "",
            "23": "",
            "24": "",
            "25": "\n"
        },
        "LabelIDList": [],
        "extra": null
    }
}