{
    "wxid_0brgitypzgu922": {
        "wxid": "wxid_0brgitypzgu922",
        "nickname": ":P",
        "remark": "雷蕾0622",
        "account": "elevennn_43",
        "describe": "",
        "headImgUrl": "https://wx.qlogo.cn/mmhead/ver_1/FHwLgCWbyce7rVSscQM3BJycC5ZTaz67HUXgUE642Eibib9h8oT66JWfHG0a8K6MamuBa8b1mUh7jk4SXShw5StWkU7NW7Qe2bicuOCfpu1Mj7qtKEEPUic0gf2DMD1KmRzvXnecxhAstwr2gYobovUK1w/0",
        "ExtraBuf": {
            "性别[1男2女]": 2,
            "个性签名": "DON’T BE BLUE🩵",
            "国": "UM",
            "省": "",
            "市": "",
            "公司名称": "",
            "手机号": "",
            "企微属性": "",
            "朋友圈背景": "http://szmmsns.qpic.cn/mmsns/9mVgdhmq63FsQ5FIhLqSJUeHue5Bz422bdUiaclR5vAFwMYypDd4H9A00LoxMXo6lfKQMIQibw980/0",
            "备注图片": "",
            "备注图片2": "",
            "0": 3,
            "1": 0,
            "2": "",
            "3": 0,
            "4": "",
            "5": 1,
            "6": 14,
            "7": "",
            "8": "",
            "9": 4294967295,
            "10": 3,
            "11": 0,
            "12": 1,
            "13": 0,
            "14": 0,
            "15": 0,
            "16": "",
            "17": 1,
            "18": 6785,
            "19": "0x9e12cbf89e69f3c8",
            "20": "",
            "21": "",
            "22": "",
            "23": "",
            "24": "",
            "25": "\n"
        },
        "LabelIDList": [],
        "extra": null
    },
    "wxid_q454azbavsa321": {
        "wxid": "wxid_q454azbavsa321",
        "nickname": "张宏哲",
        "remark": "",
        "account": "",
        "describe": "",
        "headImgUrl": "https://wx.qlogo.cn/mmhead/ver_1/qEuheTfnteKqtfcTF4doUQrI3ibWUr4GK2hNq3EBKXXVe7oictfWoVuUamllr8a7xpZmG6e8LTWR2EGLestt4nCB5pMs9ia4sCVGSAwxBpMGNy2LoiaozU4zVfnpWAyvw4Cib/0",
        "ExtraBuf": {
            "性别[1男2女]": 1,
            "个性签名": "",
            "国": "",
            "省": "",
            "市": "",
            "公司名称": "",
            "手机号": "",
            "企微属性": "",
            "朋友圈背景": "",
            "备注图片": "",
            "备注图片2": "",
            "0": 0,
            "1": 0,
            "2": "",
            "3": 0,
            "4": "",
            "5": 1,
            "6": 0,
            "7": "",
            "8": "",
            "9": 0,
            "10": 0,
            "11": 0,
            "12": 1,
            "13": 0,
            "14": 0,
            "15": 0,
            "16": "",
            "17": 0,
            "18": 0,
            "19": "0x0000000000000000",
            "20": "",
            "21": "",
            "22": "",
            "23": "",
            "24": "",
            "25": "\n"
        },
        "LabelIDList": [],
        "extra": null
    }
}