{
    "wxid_q454azbavsa321": {
        "wxid": "wxid_q454azbavsa321",
        "nickname": "张宏哲",
        "remark": "",
        "account": "",
        "describe": "",
        "headImgUrl": "https://wx.qlogo.cn/mmhead/ver_1/qEuheTfnteKqtfcTF4doUQrI3ibWUr4GK2hNq3EBKXXVe7oictfWoVuUamllr8a7xpZmG6e8LTWR2EGLestt4nCB5pMs9ia4sCVGSAwxBpMGNy2LoiaozU4zVfnpWAyvw4Cib/0",
        "ExtraBuf": {
            "性别[1男2女]": 1,
            "个性签名": "",
            "国": "",
            "省": "",
            "市": "",
            "公司名称": "",
            "手机号": "",
            "企微属性": "",
            "朋友圈背景": "",
            "备注图片": "",
            "备注图片2": "",
            "0": 0,
            "1": 0,
            "2": "",
            "3": 0,
            "4": "",
            "5": 1,
            "6": 0,
            "7": "",
            "8": "",
            "9": 0,
            "10": 0,
            "11": 0,
            "12": 1,
            "13": 0,
            "14": 0,
            "15": 0,
            "16": "",
            "17": 0,
            "18": 0,
            "19": "0x0000000000000000",
            "20": "",
            "21": "",
            "22": "",
            "23": "",
            "24": "",
            "25": "\n"
        },
        "LabelIDList": [],
        "extra": null
    },
    "wxid_uvftx4kus4s122": {
        "wxid": "wxid_uvftx4kus4s122",
        "nickname": "l.",
        "remark": "林禹涵",
        "account": "lhh13843494249lhh",
        "describe": "",
        "headImgUrl": "https://wx.qlogo.cn/mmhead/ver_1/mdxbeNY0GHEH9Yyb9bUQLMiaushsA3KK3jqJOpdfY41Pxt9oUMicUNtjtDVraYqgb2pLIhdECNLiaP7DXjh64LHsuZbAv5tH1Sc6EnPImrKB0KCjKZibVKSiceFY3ztoVWBgF/0",
        "ExtraBuf": {
            "性别[1男2女]": 2,
            "个性签名": "许愿小🌰打球永远不受伤",
            "国": "CN",
            "省": "Jilin",
            "市": "Siping",
            "公司名称": "",
            "手机号": "",
            "企微属性": "",
            "朋友圈背景": "http://shmmsns.qpic.cn/mmsns/zqFB8Z1A5ClOEPbry2bBmTVd9AFZ6kjLia1iaRwlefrInib7uoI28IOibG61ya5SpoqycCw7Q2ibvdc4/0",
            "备注图片": "",
            "备注图片2": "",
            "0": 3,
            "1": 0,
            "2": "",
            "3": 0,
            "4": "",
            "5": 1,
            "6": 1,
            "7": "",
            "8": "",
            "9": 4294967295,
            "10": 3,
            "11": 0,
            "12": 1,
            "13": 0,
            "14": 0,
            "15": 0,
            "16": "",
            "17": 1,
            "18": 6784,
            "19": "0xae32e5551fa949ca",
            "20": "",
            "21": "",
            "22": "",
            "23": "",
            "24": "",
            "25": "\n"
        },
        "LabelIDList": [],
        "extra": null
    }
}