{
    "wxid_kmkmoigq0j0g22": {
        "wxid": "wxid_kmkmoigq0j0g22",
        "nickname": "求索英语文综Jorace胡15243330419",
        "remark": "胡老师",
        "account": "qiusuoyingyu",
        "describe": "",
        "headImgUrl": "https://wx.qlogo.cn/mmhead/ver_1/G4nXeMsevLa9TWfaxcfhxbrPa8lZX4CPoNibbibSkUlewicDTghWqibXx4YCbtwxqer3MQG9Zggpjow70YOAPHbOQbiabnODmzll5Ak7SbOJMjD5kyEBRcvnuUXjW1utE4wno/0",
        "ExtraBuf": {
            "性别[1男2女]": 2,
            "个性签名": "路漫漫其修远兮\n吾将上下而求索\nWork hard, play harder!",
            "国": "CN",
            "省": "Hebei",
            "市": "Langfang",
            "公司名称": "",
            "手机号": "",
            "企微属性": "",
            "朋友圈背景": "http://shmmsns.qpic.cn/mmsns/ybJtibTW3F2Oic2chzPkjQd9U16sNXw66AVkMialcyA4jicEKXqIa0Vial6Okiacq6icpl4icWok73B3vAk/0",
            "备注图片": "",
            "备注图片2": "",
            "0": 3,
            "1": 0,
            "2": "",
            "3": 0,
            "4": "",
            "5": 1,
            "6": 17,
            "7": "",
            "8": "",
            "9": 4294967295,
            "10": 3,
            "11": 0,
            "12": 1,
            "13": 0,
            "14": 0,
            "15": 0,
            "16": "",
            "17": 1,
            "18": 7297,
            "19": "0x8212e4d4b0536cca",
            "20": "",
            "21": "",
            "22": "",
            "23": "",
            "24": "",
            "25": "\n"
        },
        "LabelIDList": [],
        "extra": null
    },
    "wxid_q454azbavsa321": {
        "wxid": "wxid_q454azbavsa321",
        "nickname": "张宏哲",
        "remark": "",
        "account": "",
        "describe": "",
        "headImgUrl": "https://wx.qlogo.cn/mmhead/ver_1/qEuheTfnteKqtfcTF4doUQrI3ibWUr4GK2hNq3EBKXXVe7oictfWoVuUamllr8a7xpZmG6e8LTWR2EGLestt4nCB5pMs9ia4sCVGSAwxBpMGNy2LoiaozU4zVfnpWAyvw4Cib/0",
        "ExtraBuf": {
            "性别[1男2女]": 1,
            "个性签名": "",
            "国": "",
            "省": "",
            "市": "",
            "公司名称": "",
            "手机号": "",
            "企微属性": "",
            "朋友圈背景": "",
            "备注图片": "",
            "备注图片2": "",
            "0": 0,
            "1": 0,
            "2": "",
            "3": 0,
            "4": "",
            "5": 1,
            "6": 0,
            "7": "",
            "8": "",
            "9": 0,
            "10": 0,
            "11": 0,
            "12": 1,
            "13": 0,
            "14": 0,
            "15": 0,
            "16": "",
            "17": 0,
            "18": 0,
            "19": "0x0000000000000000",
            "20": "",
            "21": "",
            "22": "",
            "23": "",
            "24": "",
            "25": "\n"
        },
        "LabelIDList": [],
        "extra": null
    }
}